WKT,County,Facility,lon,lat
"POINT (36.6542004 -1.3649977)",Kajiado,Ngong Sub-County Hospital,36.6542004,-1.3649977
"POINT (36.6835663 -1.3895826)",Kajiado,Matasia Health Centre,36.6835663,-1.3895826
"POINT (36.9453357 -1.4794399)",Kajiado,GK Prison Dispensary (Athi River),36.9453357,-1.4794399
"POINT (36.7819505 -2.0980751)",Kajiado,Ajam Mission Health Centre,36.7819505,-2.0980751
"POINT (36.8044433 -1.4048888)",Kajiado,Oloosirkon Dispensary,36.8044433,-1.4048888
"POINT (36.6421726 -1.3501307)",Kajiado,Kenswed Nursing Home,36.6421726,-1.3501307
"POINT (37.4453027 -2.7158459)",Kajiado,Namelok Health Centre,37.4453027,-2.7158459
"POINT (36.8500879 -2.1801249)",Kajiado,Maparasha Dispensary,36.8500879,-2.1801249
"POINT (37.1231788 -2.039246)",Kajiado,Mashuru Health Centre,37.1231788,-2.039246
"POINT (36.8600088 -2.4011483)",Kajiado,Ngatataek Health Centre,36.8600088,-2.4011483
"POINT (36.5412425 -1.3942052)",Kajiado,Saikeri Dispensary,36.5412425,-1.3942052
"POINT (36.7719758 -1.8575039)",Kajiado,Kajiado County Referral Hospital,36.7719758,-1.8575039
"POINT (36.7819505 -2.0980751)",Kajiado,Ewuaso Kedong Health Centre,36.7819505,-2.0980751
"POINT (36.9191704 -1.9655197)",Kajiado,Enkorika Health Centre,36.9191704,-1.9655197
"POINT (36.4359004 -1.0984919)",Kajiado,Olgumi Dispensary,36.4359004,-1.0984919
"POINT (36.6738528 -1.3353123)",Kajiado,Embulbul Catholic Dispensary,36.6738528,-1.3353123
"POINT (37.5048107 -2.9243819)",Kajiado,Loitokitok Sub County Hospital,37.5048107,-2.9243819
"POINT (36.3752872 -1.1172543)",Kajiado,Kisharu Dispensary,36.3752872,-1.1172543
"POINT (36.7426854 -1.3958659)",Kajiado,Fatima Maternity Hospital,36.7426854,-1.3958659
"POINT (36.7472057 -1.3862079)",Kajiado,Gataka Dispensary,36.7472057,-1.3862079
"POINT (36.716667 -2.266667)",Kajiado,Ilpartimaro Dispensary,36.716667,-2.266667
"POINT (36.7838599 -1.8474293)",Kajiado,Kajiado (AIC) Dispensary,36.7838599,-1.8474293
"POINT (36.7946 -1.9753)",Kajiado,Kumpa CMF Dispensary,36.7946,-1.9753
"POINT (36.8661 -1.9916)",Kajiado,Orinie (AIC) Clinic,36.8661,-1.9916
"POINT (36.748929 -1.395871)",Kajiado,Wanainchi Jamii Materinty and Nursing Home,36.748929,-1.395871
"POINT (37.5507793 -2.9406871)",Kajiado,Nkama Dispensary,37.5507793,-2.9406871
"POINT (37.5534526 -2.5204038)",Kajiado,Imbirikani Sub county Hospital,37.5534526,-2.5204038
"POINT (36.6412201 -1.6290041)",Kajiado,Loodoariak Dispensary,36.6412201,-1.6290041
"POINT (37.7004435 -3.060076)",Kajiado,Rombo Health Centre,37.7004435,-3.060076
"POINT (37.5040238 -2.7407789)",Kajiado,Isinet Health Centre,37.5040238,-2.7407789
"POINT (36.757 -1.5685)",Kajiado,Ilkilorit Dispensary,36.757,-1.5685
"POINT (37.508174 -2.9248463)",Kajiado,Oloolakir Dispensary,37.508174,-2.9248463
"POINT (37.533333 -2.8)",Kajiado,Kimana Health Centre,37.533333,-2.8
"POINT (36.7923189 -1.8391679)",Kajiado,Kitengela Medical Services (Kajiado),36.7923189,-1.8391679
"POINT (36.7180373 -1.40433)",Kajiado,Wama Nursing Home,36.7180373,-1.40433
"POINT (37.45 -2.133333)",Kajiado,Merueshi Village Community Health Centre,37.45,-2.133333
"POINT (36.1891985 -1.7654075)",Kajiado,Oldorko Dispensary,36.1891985,-1.7654075
"POINT (37.2498229 -2.7118045)",Kajiado,Enkongu Narok Dispensary,37.2498229,-2.7118045
"POINT (37.2329979 -2.4193039)",Kajiado,Fatima Health Centre (Lenkism),37.2329979,-2.4193039
"POINT (36.4740035 -1.1990594)",Kajiado,Najile Dispensary,36.4740035,-1.1990594
"POINT (36.8394648 -1.2698412)",Kajiado,Centrumberliner Medical Center,36.8394648,-1.2698412
"POINT (37.6650859 -2.7489909)",Kajiado,Olorika Dispensary,37.6650859,-2.7489909
"POINT (37.592076 -2.1594198)",Kajiado,Simba Health Centre,37.592076,-2.1594198
"POINT (36.7826 -1.5336)",Kajiado,Ereteti Dispensary,36.7826,-1.5336
"POINT (37.3666977 -2.7449342)",Kajiado,Amboseli Dispensary,37.3666977,-2.7449342
"POINT (36.7918599 -1.8420731)",Kajiado,City Point Group of Hospitals Kajiado,36.7918599,-1.8420731
"POINT (37.5048107 -2.9243819)",Kajiado,Entarara Health Centre,37.5048107,-2.9243819
"POINT (37.4772 -2.0918)",Kajiado,Nalala Initiative Community Clinic,37.4772,-2.0918
"POINT (36.7838599 -1.8474293)",Kajiado,Nentonai Dispensary,36.7838599,-1.8474293
"POINT (36.4310251 -1.5644065)",Kajiado,Oltepesi Dispensary,36.4310251,-1.5644065
"POINT (36.9433591 -2.0381318)",Kajiado,Pelewa Dispensary,36.9433591,-2.0381318
"POINT (36.1328132 -2.0836251)",Kajiado,Shompole Health Centre,36.1328132,-2.0836251
"POINT (36.6768115 -1.3584641)",Kajiado,Ololua Dispensary,36.6768115,-1.3584641
"POINT (36.7364 -1.466)",Kajiado,Olooltepes Dispensary,36.7364,-1.466
"POINT (36.6918999 -1.9434)",Kajiado,Kmq Dispensary,36.6918999,-1.9434
"POINT (36.7172882 -2.0521079)",Kajiado,Enkaroni Dispensary,36.7172882,-2.0521079
"POINT (37.25 -1.95)",Kajiado,Kima Dispensary,37.25,-1.95
"POINT (36.2862437 -1.9029147)",Kajiado,Magadi Hospital,36.2862437,-1.9029147
"POINT (36.7470057 -1.3898912)",Kajiado,Ongata Rongai Sub County Hospital,36.7470057,-1.3898912
"POINT (37.7450778 -3.0423185)",Kajiado,Emumwenyi Dispensary,37.7450778,-3.0423185
"POINT (36.927 -1.539)",Kajiado,New Life Mission Rotary Clinic,36.927,-1.539
"POINT (36.1762615 -1.7952688)",Kajiado,Olkiramatian Dispensary,36.1762615,-1.7952688
"POINT (37.5250671 -2.9661238)",Kajiado,Kikelelwa Dispensary,37.5250671,-2.9661238
"POINT (36.6007774 -1.4133385)",Kajiado,Olosho-Oibor Dispensary,36.6007774,-1.4133385
"POINT (36.4348399 -1.3953596)",Kajiado,Enkoireroi Dispensary,36.4348399,-1.3953596
"POINT (37.4026433 -2.8738243)",Kajiado,Immurtot Health Centre,37.4026433,-2.8738243
"POINT (36.9631365 -2.3293709)",Kajiado,Mailwa Dispensary,36.9631365,-2.3293709
"POINT (37.906193 -0.023559)",Kajiado,Malik Healthcare,37.906193,-0.023559
"POINT (36.662664 -1.3587795)",Kajiado,Ngong Rapha Hospital,36.662664,-1.3587795
"POINT (36.6562691 -1.3663962)",Kajiado,Calvary Hill Hospital,36.6562691,-1.3663962
"POINT (36.9635656 -1.4707759)",Kajiado,Kitengela Medical Services,36.9635656,-1.4707759
"POINT (37.091005 -2.2623082)",Kajiado,Emotoroki Dispensary,37.091005,-2.2623082
"POINT (37.906193 -0.023559)",Kajiado,Ilkilinyet Dispensary,37.906193,-0.023559
"POINT (36.0946262 -1.7424377)",Kajiado,Musenke Dispensary,36.0946262,-1.7424377
"POINT (36.5496 -2.4109)",Kajiado,Meto Dispensary,36.5496,-2.4109
"POINT (37.4281313 -2.1265247)",Kajiado,Samuli Dispensary,37.4281313,-2.1265247
"POINT (36.7819505 -2.0980751)",Kajiado,Mile 46 Health Centre,36.7819505,-2.0980751
"POINT (37.05 -1.89)",Kajiado,Oloibor Ajijik Dispensary,37.05,-1.89
"POINT (37.906193 -0.023559)",Kajiado,Kiloh Dispensary,37.906193,-0.023559
"POINT (36.6573952 -1.3580389)",Kajiado,AAR Ngong Clinic,36.6573952,-1.3580389
"POINT (37.5274 -2.543)",Kajiado,Ilchalai Dispensary,37.5274,-2.543
"POINT (37.7246886 -3.1883525)",Kajiado,Njukini Health Centre(Loitokitok),37.7246886,-3.1883525
"POINT (37.906193 -0.023559)",Kajiado,Dandelion Medical Center Kilimanjaro,37.906193,-0.023559
"POINT (37.8532004 -2.6758445)",Kajiado,Oltiasika Dispensary,37.8532004,-2.6758445
"POINT (37.906193 -0.023559)",Kajiado,Zam Zam Medical Services,37.906193,-0.023559
"POINT (37.906193 -0.023559)",Kajiado,Lempei Dispensary,37.906193,-0.023559
"POINT (35.8552598 -0.1705283)",Kajiado,AAR Healthcare Rongai,35.8552598,-0.1705283
"POINT (36.763065 -1.394308)",Kajiado,Beacon of Hope Clinic (Ongata Rongai),36.763065,-1.394308
"POINT (36.7838599 -1.8474293)",Kajiado,Emurua Dikir Dispensary,36.7838599,-1.8474293
"POINT (36.9545046 -1.4905132)",Kajiado,Kitengela West Hospital,36.9545046,-1.4905132
,Kajiado,Kisima Diagnostic & Treatment Centre,,
"POINT (36.0567202 -1.7423379)",Kajiado,Entasopia Health Centre,36.0567202,-1.7423379
"POINT (36.9553651 -1.4882248)",Kajiado,Nairobi Women's Hospital (Kitengela),36.9553651,-1.4882248
"POINT (36.7516118 -1.3970762)",Kajiado,Equity Afia Clinic(Ongata Rongai),36.7516118,-1.3970762
"POINT (36.7385256 -1.3876675)",Kajiado,Vicodec Medical Clinic,36.7385256,-1.3876675
"POINT (36.6850914 -1.4279671)",Kajiado,Enkitok Joy Nursing Home,36.6850914,-1.4279671
"POINT (36.753003 -1.396069)",Kajiado,Gertrudes Chidrens Clinic (Ongata Rongai),36.753003,-1.396069
"POINT (37.906193 -0.023559)",Kajiado,Hope Care Medical Clinic,37.906193,-0.023559
"POINT (36.8328453 -1.307123)",Kajiado,Mawepi Medical and VCT Centre,36.8328453,-1.307123
"POINT (36.7472057 -1.3862079)",Kajiado,Tabernacle Medical Clinic,36.7472057,-1.3862079
"POINT (36.7868288 -1.8441488)",Kajiado,The Wilkista Memorial Hospital,36.7868288,-1.8441488
"POINT (37.5715331 -2.959969)",Kajiado,Illasit Health Centre,37.5715331,-2.959969
"POINT (36.7074799 -1.4068113)",Kajiado,St Peter Claver R Clinic,36.7074799,-1.4068113
"POINT (36.9570954 -1.4881675)",Kajiado,Talana Specialist Centre,36.9570954,-1.4881675
"POINT (37.906193 -0.023559)",Kajiado,Aurora Medical Clinic,37.906193,-0.023559
"POINT (36.9517712 -1.5093063)",Kajiado,Halisi Family Hospital,36.9517712,-1.5093063
"POINT (36.7472057 -1.3862079)",Kajiado,Nairobi Women Hospital Ongata Rongai,36.7472057,-1.3862079
"POINT (36.8486376 -1.6867198)",Kajiado,Favour Medical services,36.8486376,-1.6867198
"POINT (36.9576732 -1.4783064)",Kajiado,Aga Khan Clinic Kitengela,36.9576732,-1.4783064
"POINT (36.9326095 -2.4288982)",Kajiado,Eluanata Dispensary,36.9326095,-2.4288982
"POINT (37.906193 -0.023559)",Kajiado,Athi Galaxy Complex Hospital,37.906193,-0.023559
"POINT (36.9163233 -1.745073)",Kajiado,Enkirgirri Dispensary,36.9163233,-1.745073
"POINT (36.8425202 -1.6727148)",Kajiado,Isinya Health Centre,36.8425202,-1.6727148
"POINT (36.6687545 -1.3562118)",Kajiado,Karen Medical Clinic(Ongata Rongai),36.6687545,-1.3562118
"POINT (37.4166667 -2.8)",Kajiado,Lemongo Dispensary,37.4166667,-2.8
"POINT (36.7441953 -1.3938406)",Kajiado,Messianic Medical Clinic,36.7441953,-1.3938406
"POINT (36.7441953 -1.3938406)",Kajiado,Rangau Medical Clinic,36.7441953,-1.3938406
"POINT (36.6687545 -1.3562118)",Kajiado,Agah Khan Clinic (Ngong),36.6687545,-1.3562118
"POINT (36.9567556 -1.48292)",Kajiado,Equity Afia Kitengela,36.9567556,-1.48292
"POINT (36.9604534 -1.14825)",Kiambu,Lang'ata Health Centre (Ruiru),36.9604534,-1.14825
"POINT (36.6846132 -1.1860373)",Kiambu,Nyathuna Level 4 Hospital,36.6846132,-1.1860373
"POINT (36.6602858 -1.2140684)",Kiambu,Gichuru Dispensary,36.6602858,-1.2140684
"POINT (36.7525586 -1.1760553)",Kiambu,Karuri Level 4 Hospital,36.7525586,-1.1760553
"POINT (36.616667 -1.083333)",Kiambu,Ngarariga Health Centre,36.616667,-1.083333
"POINT (36.91972 -1.2058843)",Kiambu,Warazo Medical Clinic Mwihoko,36.91972,-1.2058843
"POINT (37.906193 -0.023559)",Kiambu,St Teresa Nursing Home,37.906193,-0.023559
"POINT (37.1029181 -1.0505528)",Kiambu,St Mulumba Mission Hospital,37.1029181,-1.0505528
"POINT (36.7753128 -1.1562583)",Kiambu,Kasphat Dispensary,36.7753128,-1.1562583
"POINT (36.6066932 -1.2734921)",Kiambu,Lusigetti sub-county hospital,36.6066932,-1.2734921
"POINT (36.8360871 -1.1991137)",Kiambu,St.Teresa Hospital Kiambu,36.8360871,-1.1991137
"POINT (36.711065 -1.2588871)",Kiambu,Kinoo Dispensary,36.711065,-1.2588871
"POINT (37.0786691 -1.0418127)",Kiambu,Thika Level 5 Hospital,37.0786691,-1.0418127
"POINT (36.6687308 -1.1278108)",Kiambu,Ngecha Health Centre,36.6687308,-1.1278108
"POINT (36.6796199 -1.2082216)",Kiambu,Kahuho Community Dispensary,36.6796199,-1.2082216
"POINT (36.9288747 -1.2129921)",Kiambu,Siloam Medical Centre,36.9288747,-1.2129921
"POINT (37.0833753 -1.0387569)",Kiambu,Ngoliba Health Centre,37.0833753,-1.0387569
"POINT (36.9732 -1.1286)",Kiambu,GSU Dispensary (Ruiru),36.9732,-1.1286
"POINT (36.7116541 -1.2549559)",Kiambu,Uthiru Health Centre,36.7116541,-1.2549559
"POINT (36.7752853 -1.1847884)",Kiambu,Muchatha Dispensary,36.7752853,-1.1847884
"POINT (37.1273549 -0.483158)",Kiambu,Karatina Model Health Centre,37.1273549,-0.483158
"POINT (36.5841394 -1.1214475)",Kiambu,Rwamburi Dispensary,36.5841394,-1.1214475
"POINT (36.7779108 -1.0586336)",Kiambu,Githunguri Health Centre,36.7779108,-1.0586336
"POINT (36.7711774 -1.1331292)",Kiambu,Cianda Dispensary,36.7711774,-1.1331292
"POINT (36.726096 -1.135621)",Kiambu,Nazareth Hospital,36.726096,-1.135621
"POINT (36.9466705 -1.1465531)",Kiambu,Nazareth Hospital (Ruiru),36.9466705,-1.1465531
"POINT (36.8667191 -1.095273)",Kiambu,Ngewa Health Centre,36.8667191,-1.095273
"POINT (37.082122 -1.1663136)",Kiambu,Juja Farm Health Centre,37.082122,-1.1663136
"POINT (36.8304102 -1.1748105)",Kiambu,Equity Afia Medical Center-Kiambu,36.8304102,-1.1748105
"POINT (36.7738708 -0.8921342)",Kiambu,kamunyaka dispensary,36.7738708,-0.8921342
"POINT (36.6790986 -1.2471951)",Kiambu,Equity Afia Medical Centre (Kikuyu),36.6790986,-1.2471951
"POINT (36.8951751 -1.1878904)",Kiambu,Jacaranda Maternity (Kiamumbi),36.8951751,-1.1878904
"POINT (37.0144027 -1.1018224)",Kiambu,Ndururumo Dispensary,37.0144027,-1.1018224
"POINT (36.8416631 -1.1713973)",Kiambu,Riabai Dispensary,36.8416631,-1.1713973
"POINT (36.8112427 -1.1332023)",Kiambu,Tinganga Catholic Dispensary,36.8112427,-1.1332023
"POINT (37.0660801 -1.1415657)",Kiambu,Spring Heritage Nursing Home,37.0660801,-1.1415657
"POINT (36.6295713 -1.2458808)",Kiambu,Karai Muslim Dispensary,36.6295713,-1.2458808
"POINT (37.906193 -0.023559)",Kiambu,Family Health Options Kenya Clinic,37.906193,-0.023559
"POINT (36.8786521 -0.9620698)",Kiambu,Mbici Dispensary,36.8786521,-0.9620698
"POINT (36.7845889 -0.9484089)",Kiambu,Munyu-Ini Dispensary,36.7845889,-0.9484089
"POINT (36.8272118 -0.9453432)",Kiambu,Karatu health centre,36.8272118,-0.9453432
"POINT (36.7213858 -1.2220678)",Kiambu,Wangige Sub-County Hospital,36.7213858,-1.2220678
"POINT (36.6418031 -1.1141992)",Kiambu,Celipham Medical Clinic,36.6418031,-1.1141992
"POINT (36.6769249 -1.1903119)",Kiambu,Kabete Gardens Hospital,36.6769249,-1.1903119
"POINT (37.1815109 -1.0756689)",Kiambu,Gatuanyaga Dispensary,37.1815109,-1.0756689
"POINT (36.7455 -1.0014)",Kiambu,Kagwe Dispensary,36.7455,-1.0014
"POINT (36.7674968 -1.2145103)",Kiambu,Kihara Sub County Hospital,36.7674968,-1.2145103
"POINT (37.0144027 -1.1018224)",Kiambu,Muthaara Dispensary,37.0144027,-1.1018224
"POINT (36.9604534 -1.14825)",Kiambu,Githunguri Health Centre (Ruiru),36.9604534,-1.14825
"POINT (36.6314902 -1.0293616)",Kiambu,Gituamba Mathore Dispensary,36.6314902,-1.0293616
"POINT (36.8307871 -1.0322374)",Kiambu,Kigumo Health Centre (Kiambu East),36.8307871,-1.0322374
"POINT (36.8 -0.9)",Kiambu,Gachege Dispensary,36.8,-0.9
"POINT (37.0914129 -1.0395066)",Kiambu,Mary Help of The Sick Hospital,37.0914129,-1.0395066
"POINT (37.906193 -0.023559)",Kiambu,Boore Clinic,37.906193,-0.023559
"POINT (36.8188903 -1.0029601)",Kiambu,Gitare Health Centre (Gatundu),36.8188903,-1.0029601
"POINT (36.8306777 -1.1720476)",Kiambu,Kiambu County Referal Hospital,36.8306777,-1.1720476
"POINT (36.5975418 -1.1529745)",Kiambu,Ndeiya Health Centre,36.5975418,-1.1529745
"POINT (37.906193 -0.023559)",Kiambu,Sower Medical Clinic,37.906193,-0.023559
"POINT (36.8906747 -1.0389409)",Kiambu,Ngenda Health Centre,36.8906747,-1.0389409
"POINT (36.7852 -1.0278)",Kiambu,Kamuchege Dispensary,36.7852,-1.0278
"POINT (36.9061552 -1.0151276)",Kiambu,Gatundu district hospital,36.9061552,-1.0151276
"POINT (36.9638663 -0.4687416)",Kiambu,Karia Health Centre,36.9638663,-0.4687416
"POINT (37.1100249 -1.0584504)",Kiambu,Makongeni Dispensary,37.1100249,-1.0584504
"POINT (37.0062137 -1.1805358)",Kiambu,Mutonya Dispensary,37.0062137,-1.1805358
"POINT (37.0128871 -1.0966017)",Kiambu,JKUAT Hospital,37.0128871,-1.0966017
"POINT (36.7619 -0.9524)",Kiambu,Mundoro Community Dispensary,36.7619,-0.9524
"POINT (36.9067196 -0.9383428)",Kiambu,Ngorongo Health Centre,36.9067196,-0.9383428
"POINT (36.6582513 -1.2400964)",Kiambu,Akshar Nursing Home,36.6582513,-1.2400964
"POINT (36.9695151 -1.2130595)",Kiambu,Annunciation Catholic Dispensary,36.9695151,-1.2130595
"POINT (37.906193 -0.023559)",Kiambu,The Lenox Hill Healthcare Centre,37.906193,-0.023559
"POINT (36.637808 -0.847023)",Kiambu,Kamae Forest Dispensary,36.637808,-0.847023
"POINT (36.5777387 -1.1966038)",Kiambu,Kiriri Dispensary,36.5777387,-1.1966038
"POINT (36.9580183 -1.1441678)",Kiambu,Ruiru Hospital Limited,36.9580183,-1.1441678
"POINT (37.069242 -1.0291669)",Kiambu,Naidu Hospital,37.069242,-1.0291669
"POINT (36.9566705 -1.2139115)",Kiambu,Warazo Medical Clinic (Ruiru),36.9566705,-1.2139115
"POINT (36.7355513 -1.0876207)",Kiambu,Githiga Health Centre,36.7355513,-1.0876207
"POINT (36.9365731 -1.2159093)",Kiambu,Cordis Maria Dispensary,36.9365731,-1.2159093
"POINT (37.0196369 -1.1161527)",Kiambu,Kalimoni Mission Hospital (Juja),37.0196369,-1.1161527
"POINT (37.0142341 -1.0251264)",Kiambu,Karibaribi Dispensary,37.0142341,-1.0251264
"POINT (37.0024533 -0.3934893)",Kiambu,Kiganjo dispensary,37.0024533,-0.3934893
"POINT (36.9581 -0.9713)",Kiambu,Makwa Community Dispensary,36.9581,-0.9713
"POINT (36.6790986 -1.2471951)",Kiambu,Gikambura Health Centre,36.6790986,-1.2471951
"POINT (36.6331889 -0.9037445)",Kiambu,Kinale Forest Dispensary,36.6331889,-0.9037445
"POINT (36.1057545 -0.2640769)",Kiambu,St Ann's medical centre,36.1057545,-0.2640769
"POINT (36.7832 -0.11111)",Kiambu,Beta Care Nursing Home,36.7832,-0.11111
"POINT (36.7746148 -1.2040338)",Kiambu,Garden Park Medical Centre,36.7746148,-1.2040338
"POINT (37.2705925 -1.0596822)",Kiambu,Magogoni Dispensary,37.2705925,-1.0596822
"POINT (37.0689151 -1.0402584)",Kiambu,Thika Nursing Home,37.0689151,-1.0402584
"POINT (37.906193 -0.023559)",Kiambu,Mesedith Medical Clinic,37.906193,-0.023559
"POINT (36.9050566 -1.0130645)",Kiambu,Gituamba Community Dispensary,36.9050566,-1.0130645
"POINT (37.146 -1.1644)",Kiambu,Athi Dispensary,37.146,-1.1644
"POINT (36.8176271 -1.1020073)",Kiambu,Ting'ang'a Dispensary,36.8176271,-1.1020073
"POINT (36.6662128 -1.1042366)",Kiambu,Mabroukie Dispensary,36.6662128,-1.1042366
"POINT (36.641119 -1.1109015)",Kiambu,Rironi Health Centre,36.641119,-1.1109015
"POINT (38.0759645 -2.2909147)",Kiambu,Karura Ka Nyungu Dispensary,38.0759645,-2.2909147
"POINT (37.002126 -1.0490926)",Kiambu,Kiandutu Health Centre,37.002126,-1.0490926
"POINT (37.0231358 -1.0916031)",Kiambu,Romkan Medical Centre,37.0231358,-1.0916031
"POINT (36.9823404 -1.1427163)",Kiambu,Spa Nursing Home,36.9823404,-1.1427163
"POINT (36.6972336 -1.2279653)",Kiambu,Cura (ACK) Medical Clinic,36.6972336,-1.2279653
"POINT (36.6586277 -1.1981758)",Kiambu,Most Precious Blood Sisters Dispensary,36.6586277,-1.1981758
"POINT (36.9196884 -1.2059657)",Kiambu,Afyastar Medical Clinic,36.9196884,-1.2059657
"POINT (36.9050566 -1.0130645)",Kiambu,Ndonyero Medical Clinic,36.9050566,-1.0130645
"POINT (36.9557363 -1.1446222)",Kiambu,Ruiru Sub-County Hospital,36.9557363,-1.1446222
"POINT (37.0024533 -0.3934893)",Kiambu,Kiganjo community Medical Centre,37.0024533,-0.3934893
"POINT (36.7933336 -1.1919759)",Kiambu,Gathanga Health Centre,36.7933336,-1.1919759
"POINT (36.9316844 -1.1912655)",Kiambu,St Francis Health Services,36.9316844,-1.1912655
"POINT (37.906193 -0.023559)",Kiambu,Kanyoni Community Dispensary,37.906193,-0.023559
"POINT (36.9230164 -1.214817)",Kiambu,Restesar Community Medical Centre,36.9230164,-1.214817
"POINT (36.9062824 -1.0141828)",Kiambu,Igegania Sub-County Hospital,36.9062824,-1.0141828
"POINT (36.6416389 -0.9780571)",Kiambu,Kiriita Forest Dispensary,36.6416389,-0.9780571
"POINT (37.2463 -1.0270999)",Kiambu,Ndula Dispensary,37.2463,-1.0270999
"POINT (36.6355379 -1.126773)",Kiambu,St Charles Lwanga Dispensary,36.6355379,-1.126773
"POINT (37.0833495 -1.0387798)",Kiambu,12 Engineers,37.0833495,-1.0387798
"POINT (36.8112749 -0.8917532)",Kiambu,Gakoe Health Centre,36.8112749,-0.8917532
"POINT (36.8652002 -1.0402453)",Kiambu,Mutati Dispensary,36.8652002,-1.0402453
"POINT (36.7383877 -1.1902608)",Kiambu,Ndenderu Dispensary,36.7383877,-1.1902608
"POINT (37.0833753 -1.0387569)",Kiambu,Thika Sam's Nursing Home,37.0833753,-1.0387569
"POINT (36.7222035 -1.2551371)",Kiambu,zackii medical clinic,36.7222035,-1.2551371
"POINT (36.783059 -1.2075005)",Kiambu,RFH Healthcare Ruaka,36.783059,-1.2075005
"POINT (36.987151 -1.1457808)",Kiambu,Prince Alvin Medical Centre,36.987151,-1.1457808
"POINT (36.7732 -0.9715)",Kiambu,Gachika Dispensary,36.7732,-0.9715
"POINT (37.0199615 -1.086534)",Kiambu,Gachororo Health Centre,37.0199615,-1.086534
"POINT (36.7027621 -1.2744208)",Kiambu,Isaiah Douglas medical centre,36.7027621,-1.2744208
"POINT (36.6577 -1.0477)",Kiambu,Uplands Forest Dispensary,36.6577,-1.0477
"POINT (37.1127909 -1.0633614)",Kiambu,Imani Makongeni Medical Clinic,37.1127909,-1.0633614
"POINT (36.8061843 -1.1500205)",Kiambu,PEFA Mercy Medical Centre,36.8061843,-1.1500205
"POINT (36.9986983 -1.1636145)",Kiambu,Hamundia Health Centre,36.9986983,-1.1636145
"POINT (36.7281457 -1.0255765)",Kiambu,Kamburu Dispensary,36.7281457,-1.0255765
"POINT (36.6678763 -1.2658363)",Kiambu,Kikuyu (PCEA) Hospital,36.6678763,-1.2658363
"POINT (37.906193 -0.023559)",Kiambu,Ngeteti Community Dispensary,37.906193,-0.023559
"POINT (37.0139047 -1.1055519)",Kiambu,Wankam Medical Clinic,37.0139047,-1.1055519
"POINT (36.616667 -1.016667)",Kiambu,Escarpment Dispensary,36.616667,-1.016667
"POINT (36.6270207 -1.1414343)",Kiambu,Thigio Dispensary (Kiambu West),36.6270207,-1.1414343
"POINT (36.7863538 -1.1080065)",Kiambu,Kiaibabu Dispensary,36.7863538,-1.1080065
"POINT (37.0774899 -1.0383911)",Kiambu,Avenue Healthcare (Thika),37.0774899,-1.0383911
"POINT (37.906193 -0.023559)",Kiambu,Pioneer medical clinic,37.906193,-0.023559
"POINT (36.6903211 -1.0684871)",Kiambu,Gitiha Dispensary,36.6903211,-1.0684871
"POINT (36.7226789 -1.0603616)",Kiambu,Gathangari Dispensary,36.7226789,-1.0603616
"POINT (36.9597712 -1.1178804)",Kiambu,Mugutha Dispensary,36.9597712,-1.1178804
"POINT (36.8306711 -1.1726895)",Kiambu,Mercylight Hospital,36.8306711,-1.1726895
"POINT (36.5958947 -1.2425325)",Kiambu,Kamangu Dispensary,36.5958947,-1.2425325
"POINT (36.8088765 -1.1055106)",Kiambu,Holy Rosary Ikinu Dispensary,36.8088765,-1.1055106
"POINT (37.906193 -0.023559)",Kiambu,St Anns Medical Centre,37.906193,-0.023559
"POINT (37.1127909 -1.0633614)",Kiambu,St Martins Clinic,37.1127909,-1.0633614
"POINT (36.9745631 -1.1684149)",Kiambu,Arise Hospital Limited,36.9745631,-1.1684149
"POINT (37.0770752 -1.0388037)",Kiambu,Galaxy Medicare Consultants Ltd,37.0770752,-1.0388037
"POINT (37.906193 -0.023559)",Kiambu,Glory Medical Clinic,37.906193,-0.023559
"POINT (36.7087632 -1.0282839)",Kiambu,Kagaa Health Centre,36.7087632,-1.0282839
"POINT (36.6552992 -1.2183036)",Kiambu,Kerwa Dispensary,36.6552992,-1.2183036
"POINT (37.906193 -0.023559)",Kiambu,St Paul University Dispensary,37.906193,-0.023559
"POINT (36.5931948 -0.9539662)",Kiambu,Magiina Dispensary,36.5931948,-0.9539662
"POINT (37.906193 -0.023559)",Kiambu,Medlife Hospital Limited,37.906193,-0.023559
"POINT (37.906193 -0.023559)",Kiambu,Impact Health Solutions,37.906193,-0.023559
"POINT (36.8088765 -0.8667791)",Kiambu,Mataara Dispensary,36.8088765,-0.8667791
"POINT (37.1692479 -1.1145163)",Kiambu,Munyu Health Centre,37.1692479,-1.1145163
"POINT (36.6685362 -1.1277007)",Kiambu,Tigoni District Hospital,36.6685362,-1.1277007
"POINT (36.5968316 -1.1888821)",Kiambu,Holy Cross Dispensary,36.5968316,-1.1888821
"POINT (36.8303472 -1.0706453)",Kiambu,Miguta Community Dispensary,36.8303472,-1.0706453
"POINT (37.0144027 -1.1018224)",Kiambu,Chaka Medical Clinic,37.0144027,-1.1018224
"POINT (36.9334646 -1.1890386)",Kiambu,Neema Hospital (Ruiru),36.9334646,-1.1890386
"POINT (36.640887 -1.108793)",Kiambu,Limuru Nursing Home,36.640887,-1.108793
"POINT (36.6922721 -1.2288099)",Kiambu,Muthure Wellness Health Services,36.6922721,-1.2288099
"POINT (37.906193 -0.023559)",Kiambu,Athena Medical Clinic,37.906193,-0.023559
"POINT (36.8832208 -1.1346575)",Kiambu,Anmer Dispensary,36.8832208,-1.1346575
"POINT (37.906193 -0.023559)",Kiambu,Progressive Lofty Medical Centre,37.906193,-0.023559
"POINT (37.0803825 -1.094872)",Kiambu,Jotram Medical Centre,37.0803825,-1.094872
"POINT (36.7658744 -1.1883345)",Kiambu,Sacred Heart Dispensary,36.7658744,-1.1883345
"POINT (36.777972 -1.204523)",Kiambu,AAR Health Care Ruaka,36.777972,-1.204523
"POINT (36.8314778 -1.173271)",Kiambu,Creative Medical Services,36.8314778,-1.173271
"POINT (37.0139648 -1.1019929)",Kiambu,Joyland Medical Clinic,37.0139648,-1.1019929
"POINT (37.0699505 -1.0368736)",Kiambu,Laveen Health services,37.0699505,-1.0368736
"POINT (37.906193 -0.023559)",Kiambu,Hope Medical Clinic,37.906193,-0.023559
"POINT (36.9864885 -1.1797865)",Kiambu,RFH Healthcare Ruiru,36.9864885,-1.1797865
"POINT (36.9075034 -1.1511573)",Kiambu,Aminika Medical Services Limited,36.9075034,-1.1511573
"POINT (36.9557331 -1.1444824)",Kiambu,Eddiana Hospital,36.9557331,-1.1444824
"POINT (36.976186 -1.1349178)",Kiambu,Equity Afia Medical Centre Ruiru,36.976186,-1.1349178
"POINT (36.9165335 -1.2080785)",Kiambu,Focus Medical Clinic and Counselling Centre,36.9165335,-1.2080785
"POINT (36.7782801 -1.0563013)",Kiambu,Githunguri Medical Plaza Clinic,36.7782801,-1.0563013
"POINT (36.9413758 -1.0548237)",Kiambu,Kimunyu (PCEA) Dispensary,36.9413758,-1.0548237
"POINT (36.9258328 -1.1948614)",Kiambu,Lifeline Group of Hospitals Limited- Annex,36.9258328,-1.1948614
"POINT (36.9604534 -1.14825)",Kiambu,Mercylite Medical Clinic- Ruiru,36.9604534,-1.14825
"POINT (36.9196884 -1.2059657)",Kiambu,Mwihoko Modern Medical Centre,36.9196884,-1.2059657
"POINT (37.0497828 -1.0409576)",Kiambu,Relyon Medical limited,37.0497828,-1.0409576
"POINT (37.906193 -0.023559)",Kiambu,Seth Medical Clinic,37.906193,-0.023559
"POINT (37.0924826 -1.04111)",Kiambu,Caritas Community Hospital,37.0924826,-1.04111
"POINT (37.0788317 -1.0417937)",Kiambu,kiganjo medical clinic,37.0788317,-1.0417937
"POINT (36.6311086 -0.9827849)",Kiambu,Kimende Orthodox Mission Health Centre,36.6311086,-0.9827849
"POINT (37.0099334 -1.141344)",Kiambu,Boskem Medical Clinic,37.0099334,-1.141344
"POINT (36.7879105 -1.2093497)",Kiambu,Canspi Hospital Ruaka,36.7879105,-1.2093497
"POINT (37.906193 -0.023559)",Kiambu,Hopkins Medical Centre,37.906193,-0.023559
"POINT (36.6864527 -1.2292961)",Kiambu,Muthure Medical Clinic,36.6864527,-1.2292961
"POINT (37.906193 -0.023559)",Kiambu,Prestige Medical Centre,37.906193,-0.023559
"POINT (37.0133163 -1.1244067)",Kiambu,Sawa sawa Health Services,37.0133163,-1.1244067
"POINT (37.906193 -0.023559)",Kiambu,Alpha Health Care Medical Clinic,37.906193,-0.023559
"POINT (37.0075898 -1.1218816)",Kiambu,Medwin Medical Centre,37.0075898,-1.1218816
"POINT (37.906193 -0.023559)",Kiambu,Caremax Health Services,37.906193,-0.023559
"POINT (36.8817858 -1.2522073)",Kiambu,Jamii Health Care,36.8817858,-1.2522073
"POINT (36.9914861 -1.1539218)",Kiambu,Kimbo Healthcare Centre,36.9914861,-1.1539218
"POINT (36.6640676 -1.1605568)",Kiambu,St Olivia Health Care,36.6640676,-1.1605568
"POINT (37.0833753 -1.0387569)",Kiambu,Aga Khan Medical Centre (Thika),37.0833753,-1.0387569
"POINT (37.0817079 -1.0355274)",Kiambu,Central Memorial Hospital,37.0817079,-1.0355274
"POINT (37.906193 -0.023559)",Kiambu,Helfen Medical Centre,37.906193,-0.023559
"POINT (36.7313209 -1.0036688)",Kiambu,Kagwe Health Services Clinic,36.7313209,-1.0036688
"POINT (37.906193 -0.023559)",Kiambu,Penda Medical Clinic,37.906193,-0.023559
"POINT (36.6147911 -1.0463774)",Kiambu,Gitithia Dispensary,36.6147911,-1.0463774
"POINT (36.8397683 -0.9290922)",Kiambu,Kaibere Dispensary,36.8397683,-0.9290922
"POINT (36.6619612 -1.2448624)",Kiambu,Lifecare Hospital (Kikuyu),36.6619612,-1.2448624
"POINT (36.9904924 -1.2177545)",Kiambu,Equity Afia Eastern Bypass kamakis,36.9904924,-1.2177545
"POINT (36.6416288 -1.1095353)",Kiambu,Limuru Health Centre,36.6416288,-1.1095353
"POINT (36.8818478 -0.9515311)",Kiambu,Miiri Community Dispensary,36.8818478,-0.9515311
"POINT (37.906193 -0.023559)",Kiambu,St Peter's and Ann Medical Centre,37.906193,-0.023559
"POINT (37.0144027 -1.1018224)",Kiambu,Alestacare Medical Centre,37.0144027,-1.1018224
"POINT (36.7259425 -1.1800034)",Kiambu,Cargo Human Care Clinic,36.7259425,-1.1800034
"POINT (37.0716128 -1.0403476)",Kiambu,Getrudes Childrens Hospital (Thika),37.0716128,-1.0403476
"POINT (36.5945857 -0.9470276)",Kiambu,Kijabe (AIC) Hospital,36.5945857,-0.9470276
"POINT (37.0091979 -1.1171204)",Kiambu,Medicross Medical Clinic,37.0091979,-1.1171204
"POINT (36.8428164 -1.1131139)",Kiambu,St Ann Lioki Dispensary,36.8428164,-1.1131139
"POINT (36.7739566 -1.0586059)",Kiambu,Holy family Catholic Hospital (Githunguri),36.7739566,-1.0586059
"POINT (37.906193 -0.023559)",Kiambu,Ivory Health Solution Limited,37.906193,-0.023559
"POINT (36.6473663 -1.1207217)",Kiambu,New Rehoboth Medicare Centre Karanjee,36.6473663,-1.1207217
"POINT (36.9166669 -1.183333)",Kiambu,Penda Medical Centre - Kahawa Wendani,36.9166669,-1.183333
"POINT (36.7074099 -1.2299612)",Kiambu,St Angela Melici Health Centre,36.7074099,-1.2299612
,Kiambu,St Mary's Mother & Child Hospital,,
"POINT (36.9604534 -1.14825)",Kiambu,The Agakhan University Hospital Nairobi - Ruiru Medical Center,36.9604534,-1.14825
"POINT (37.906193 -0.023559)",Kiambu,The oak healthcare,37.906193,-0.023559
"POINT (37.906193 -0.023559)",Kiambu,Wema Boosters Medical Centre,37.906193,-0.023559
"POINT (36.8247489 -1.1648137)",Kiambu,The Nairobi Hospital -Kiambu Outpatient Centre,36.8247489,-1.1648137
"POINT (37.0786138 -1.0382638)",Kiambu,Vineyard Hospital,37.0786138,-1.0382638
"POINT (36.9477144 -1.1541683)",Kiambu,Firenze Nursing Home,36.9477144,-1.1541683
"POINT (36.7717304 -1.0605777)",Kiambu,Githunguri Heathwatch Clinic,36.7717304,-1.0605777
"POINT (36.9712933 -1.1620413)",Kiambu,Maskan Medical Centre,36.9712933,-1.1620413
"POINT (36.6579649 -1.2551409)",Kiambu,Plan Med Health Services,36.6579649,-1.2551409
"POINT (36.9252614 -1.2017243)",Kiambu,Eastern Gate Medical Clinic,36.9252614,-1.2017243
"POINT (36.923695 -1.1537868)",Kiambu,Lifespan Medical Centre -Ruiru,36.923695,-1.1537868
"POINT (36.9596648 -1.1554869)",Kiambu,Plainsview Nursing Home,36.9596648,-1.1554869
"POINT (37.906193 -0.023559)",Kiambu,Sarsam Medical Clinic,37.906193,-0.023559
"POINT (36.6418031 -1.1141992)",Kiambu,Wilmer Medical Clinic,36.6418031,-1.1141992
"POINT (36.8297306 -1.1722347)",Kiambu,The Gyno Solutions Center Limited,36.8297306,-1.1722347
"POINT (37.075461 -1.0360054)",Kiambu,Equity Afya Medical Clinic Thika,37.075461,-1.0360054
"POINT (37.906193 -0.023559)",Kiambu,Lari Level 4 Hospital,37.906193,-0.023559
"POINT (36.6935108 -1.2542515)",Kiambu,Tibazone Medical Centre,36.6935108,-1.2542515
,Kiambu,Westridge Daignostic&Medical Centre,,
"POINT (36.6632831 -1.244871)",Kiambu,Green Acres Medical Centre,36.6632831,-1.244871
"POINT (37.0144027 -1.1018224)",Kiambu,Aga Khan Hospital Medical Clinic (Juja),37.0144027,-1.1018224
"POINT (36.8225564 -1.1631519)",Kiambu,St.Bridget Hospital-Kiambu,36.8225564,-1.1631519
"POINT (37.2663213 -1.5224414)",Machakos,Machakos Level 5 Hospital,37.2663213,-1.5224414
"POINT (37.5481236 -1.2712439)",Machakos,Kikesa Dispensary,37.5481236,-1.2712439
"POINT (37.6982506 -1.4123262)",Machakos,Katangi Health Centre,37.6982506,-1.4123262
"POINT (37.3459242 -1.2986508)",Machakos,Kangundo Sub county Hospital,37.3459242,-1.2986508
"POINT (37.1108 -1.2702)",Machakos,Kwa Mutalia Dispensary,37.1108,-1.2702
"POINT (37.906193 -0.023559)",Machakos,Mission of Hope International Medical Centre,37.906193,-0.023559
"POINT (37.5188067 -1.5015071)",Machakos,Muthetheni Health Centre,37.5188067,-1.5015071
"POINT (37.5679559 -1.4107916)",Machakos,Wamunyu Health Centre,37.5679559,-1.4107916
"POINT (36.9407301 -1.3921923)",Machakos,Mlolongo Wellness Centre,36.9407301,-1.3921923
"POINT (37.0038929 -1.3370012)",Machakos,Katani Dispensary,37.0038929,-1.3370012
"POINT (37.3948227 -1.3635273)",Machakos,Kivaani Health Centre,37.3948227,-1.3635273
"POINT (37.6761273 -1.2991054)",Machakos,Ikombe Dispensary,37.6761273,-1.2991054
"POINT (37.3184267 -1.3682509)",Machakos,Kikalu Dispensary,37.3184267,-1.3682509
"POINT (37.906193 -0.023559)",Machakos,Mango Dispensary,37.906193,-0.023559
"POINT (37.3308182 -1.2337836)",Machakos,Matungulu Health Centre,37.3308182,-1.2337836
"POINT (37.3259514 -1.6024582)",Machakos,Kalama Dispensary,37.3259514,-1.6024582
"POINT (37.268737 -1.2272635)",Machakos,Kalandini Health Centre,37.268737,-1.2272635
"POINT (36.9785033 -1.4577245)",Machakos,Mavoko Level 4 Hospital,36.9785033,-1.4577245
"POINT (37.0342345 -1.4048159)",Machakos,Kinanie Health centre,37.0342345,-1.4048159
"POINT (37.2634146 -1.5176837)",Machakos,Apdk Dispensary (Machakos),37.2634146,-1.5176837
"POINT (37.6892062 -1.4092763)",Machakos,Makila Dispensary (Yatta),37.6892062,-1.4092763
"POINT (37.2584773 -1.5144541)",Machakos,Approved School Dispensary (Machakos),37.2584773,-1.5144541
"POINT (36.978502 -1.4576675)",Machakos,Delam Medical Clinic,36.978502,-1.4576675
"POINT (37.3897841 -1.208007)",Machakos,Kathama Dispensary,37.3897841,-1.208007
"POINT (37.5001441 -1.0763112)",Machakos,Ndalani Dispensary,37.5001441,-1.0763112
"POINT (37.5372 -1.3529)",Machakos,Kilembwa Dispensary,37.5372,-1.3529
"POINT (37.3312907 -1.4116892)",Machakos,Kaviani Health Centre,37.3312907,-1.4116892
"POINT (37.3422825 -1.4174779)",Machakos,Kyevaluki Dispensary,37.3422825,-1.4174779
"POINT (38.1747222 -1.2647222)",Machakos,Ngulini Dispensary,38.1747222,-1.2647222
"POINT (37.170671 -1.40797)",Machakos,St Philip Neri clinic,37.170671,-1.40797
"POINT (36.977431 -1.4577365)",Machakos,Kyumbi Health centre,36.977431,-1.4577365
"POINT (37.588229 -1.3526008)",Machakos,Kaiani Dispensary,37.588229,-1.3526008
"POINT (37.1991995 -1.1659945)",Machakos,Kikuyuni Dispensary,37.1991995,-1.1659945
"POINT (37.5051 -1.3283)",Machakos,Kyawango Dispensary,37.5051,-1.3283
"POINT (37.3542988 -1.4670885)",Machakos,Ithaeni Dispensary,37.3542988,-1.4670885
"POINT (37.4060637 -1.2498695)",Machakos,Mbiuni Health Centre,37.4060637,-1.2498695
"POINT (37.6892062 -1.4092763)",Machakos,Kisesini Dispensary,37.6892062,-1.4092763
"POINT (37.3134059 -1.5446886)",Machakos,Muvuti Dispensary,37.3134059,-1.5446886
"POINT (37.345991 -1.3641941)",Machakos,Kakuyuni Health Centre,37.345991,-1.3641941
"POINT (37.2634146 -1.5176837)",Machakos,People's Park Dispensary (Machakos),37.2634146,-1.5176837
"POINT (37.2100769 -1.4769488)",Machakos,Makyau Dispensary,37.2100769,-1.4769488
"POINT (37.2941782 -1.4211964)",Machakos,Mutuyu Dispensary,37.2941782,-1.4211964
"POINT (37.2918561 -1.3219541)",Machakos,Kathaana Dispensary,37.2918561,-1.3219541
"POINT (37.382 -1.4429)",Machakos,Vyulya Dispensary,37.382,-1.4429
"POINT (37.2570237 -1.1400887)",Machakos,Donyo Sabuk Dispensary,37.2570237,-1.1400887
"POINT (37.3526 -1.5136)",Machakos,Kaani Dispensary,37.3526,-1.5136
"POINT (37.2303214 -1.4024335)",Machakos,Kamuthanga Dispensary,37.2303214,-1.4024335
"POINT (37.2619103 -1.5212326)",Machakos,GK Prison Dispensary (Machakos),37.2619103,-1.5212326
"POINT (37.6666669 -1.533333)",Machakos,Ikalaasa Dispensary,37.6666669,-1.533333
"POINT (37.648385 -1.2040481)",Machakos,Kitheuni Dispensary,37.648385,-1.2040481
"POINT (37.2038 -1.1189)",Machakos,Kyeleni Health Centre,37.2038,-1.1189
"POINT (37.2634146 -1.5176837)",Machakos,Kimutwa Dispensary,37.2634146,-1.5176837
"POINT (37.4361206 -1.1232282)",Machakos,Mamba Dispensary (Yatta),37.4361206,-1.1232282
"POINT (37.3284726 -1.413564)",Machakos,Kathiani Sub County Hospital,37.3284726,-1.413564
"POINT (37.4502563 -1.3519815)",Machakos,Jamii Medical Clinic (Mwala),37.4502563,-1.3519815
"POINT (37.322737 -1.341953)",Machakos,Mukunike Dispensary,37.322737,-1.341953
"POINT (37.4524613 -1.348677)",Machakos,Mwala Subcounty Hospital,37.4524613,-1.348677
"POINT (37.2918561 -1.4536343)",Machakos,Kalunga Dispensary,37.2918561,-1.4536343
"POINT (37.291818 -1.4278336)",Machakos,Mutitu Dispensary,37.291818,-1.4278336
"POINT (37.4694999 -1.2694)",Machakos,Mumbuni Dispensary (Mwala),37.4694999,-1.2694
"POINT (37.4333333 -1.5166667)",Machakos,Kavumbu Dispensary (Mwala),37.4333333,-1.5166667
"POINT (37.3346316 -1.1747164)",Machakos,Katheka Dispensary,37.3346316,-1.1747164
"POINT (37.4465945 -1.1891095)",Machakos,Kithimani Dispensary,37.4465945,-1.1891095
"POINT (37.3533379 -1.2417887)",Machakos,Kambusu Dispensary,37.3533379,-1.2417887
"POINT (37.2966664 -1.0963182)",Machakos,Uamani Dispensary,37.2966664,-1.0963182
"POINT (37.399923 -1.3144395)",Machakos,Kawauni Dispensary,37.399923,-1.3144395
"POINT (37.7255319 -1.8588304)",Machakos,Muusini Dispensary,37.7255319,-1.8588304
"POINT (37.6962384 -0.8535199)",Machakos,Kivaa Health Centre,37.6962384,-0.8535199
"POINT (37.3591483 -1.6545857)",Machakos,Ivutini Dispensary,37.3591483,-1.6545857
"POINT (37.2634146 -1.5176837)",Machakos,Muumandu Health Center,37.2634146,-1.5176837
"POINT (37.3070095 -1.446834)",Machakos,Iimbani Dispensary,37.3070095,-1.446834
"POINT (37.5001441 -1.3684356)",Machakos,Maweli Dispensary,37.5001441,-1.3684356
"POINT (37.5776379 -1.5237699)",Machakos,Miu Health Centre,37.5776379,-1.5237699
"POINT (37.2436242 -1.4437822)",Machakos,Mutituni Health Centre,37.2436242,-1.4437822
"POINT (37.2483014 -1.2101097)",Machakos,Lifesprings Health Care,37.2483014,-1.2101097
"POINT (36.9193408 -0.4129084)",Machakos,St Assisi Sisters of Mary Immaculate Nursing Home,36.9193408,-0.4129084
"POINT (37.2675903 -1.522551)",Machakos,St Francis Dispensary,37.2675903,-1.522551
"POINT (37.3377121 -1.1545233)",Machakos,Kayatta Dispensary,37.3377121,-1.1545233
"POINT (37.2634146 -1.5176837)",Machakos,Mbuani Dispensary,37.2634146,-1.5176837
"POINT (37.2431 -1.5803)",Machakos,Katumani Dispensary,37.2431,-1.5803
"POINT (37.2483014 -1.2101097)",Machakos,Kimiti Level 4 Hospital,37.2483014,-1.2101097
"POINT (37.1580176 -1.5301533)",Machakos,Kitanga Dispensary,37.1580176,-1.5301533
"POINT (37.3740292 -1.680946)",Machakos,Kititu Dispensary,37.3740292,-1.680946
"POINT (37.6184 -1.4682)",Machakos,Kwakala Dispensary,37.6184,-1.4682
"POINT (37.4099 -1.3381)",Machakos,Miu Dispensary,37.4099,-1.3381
"POINT (37.5049 -1.4939)",Machakos,Muthetheni Mission Health Centre,37.5049,-1.4939
"POINT (37.6705952 -1.5344327)",Machakos,St John Baptist Ikalaasa Mission Dispensary,37.6705952,-1.5344327
"POINT (37.2634146 -1.5176837)",Machakos,Little Angels Medical Clinic,37.2634146,-1.5176837
"POINT (37.693863 -1.5616329)",Machakos,Tulila Dispensary,37.693863,-1.5616329
"POINT (36.965831 -1.4359871)",Machakos,Shalom Community Hospital,36.965831,-1.4359871
"POINT (37.256169 -0.8599003)",Machakos,Kivingoni Dispensary,37.256169,-0.8599003
"POINT (37.6347384 -1.5751633)",Machakos,Kalala Dispensary,37.6347384,-1.5751633
"POINT (37.3486286 -1.4632273)",Machakos,Kitunduni Dispensary,37.3486286,-1.4632273
"POINT (37.0949261 -1.2827836)",Machakos,Imani Yako Medical Clinic - Joska,37.0949261,-1.2827836
"POINT (37.906193 -0.023559)",Machakos,Mary Goretti Health Services,37.906193,-0.023559
"POINT (37.4361206 -1.2461924)",Machakos,St Joseph Dispensary (Kabaa),37.4361206,-1.2461924
"POINT (37.6478649 -1.5145032)",Machakos,Katulani Health Centre,37.6478649,-1.5145032
"POINT (37.2627241 -1.517639)",Machakos,Kola Health Centre,37.2627241,-1.517639
"POINT (37.3132471 -1.2520911)",Machakos,Sengani Community Hospital,37.3132471,-1.2520911
"POINT (37.3229317 -1.2706822)",Machakos,Matungulu Medical Centre,37.3229317,-1.2706822
"POINT (37.3453215 -1.213031)",Machakos,Tumaini Rh Clinic,37.3453215,-1.213031
"POINT (36.978502 -1.4576675)",Machakos,Makadara Health Care,36.978502,-1.4576675
"POINT (37.6280166 -1.5360824)",Machakos,Nthwanguu Dispensary,37.6280166,-1.5360824
"POINT (37.388065 -1.382087)",Machakos,Iiaitune Dispensary,37.388065,-1.382087
"POINT (37.3435194 -1.2984596)",Machakos,Kathome Dispensary (Kangundo),37.3435194,-1.2984596
"POINT (37.3346218 -1.2671425)",Machakos,Kyaume Dispensary,37.3346218,-1.2671425
"POINT (37.906193 -0.023559)",Machakos,Vantage Medical Centre,37.906193,-0.023559
"POINT (37.5788629 -1.4545866)",Machakos,Yathui Dispensary,37.5788629,-1.4545866
"POINT (37.0973585 -1.2836071)",Machakos,Bahati Hospital(Joska),37.0973585,-1.2836071
"POINT (37.2656308 -1.5251671)",Machakos,Machakos Children's Clinic,37.2656308,-1.5251671
"POINT (37.4387894 -1.4604752)",Machakos,Masii Health Centre,37.4387894,-1.4604752
"POINT (37.2620503 -1.4959351)",Machakos,Mumbuni Roadside Medical Centre,37.2620503,-1.4959351
"POINT (37.2650897 -1.2798698)",Machakos,Nguluni Health Centre,37.2650897,-1.2798698
"POINT (36.978502 -1.4576675)",Machakos,Bigson Health Services,36.978502,-1.4576675
"POINT (37.4514736 -1.2509023)",Machakos,Kituneni Medical Clinic,37.4514736,-1.2509023
"POINT (37.906193 -0.023559)",Machakos,Masewani Dispensary,37.906193,-0.023559
"POINT (37.2634146 -1.5176837)",Machakos,Ikulu Dispensary,37.2634146,-1.5176837
"POINT (37.3168531 -1.2678124)",Machakos,Ruai Family Hospital - Tala,37.3168531,-1.2678124
"POINT (37.2920437 -1.1250479)",Machakos,Kitambaasye Dispensary,37.2920437,-1.1250479
"POINT (37.2722 -1.1574)",Machakos,Kiliku Dispensary,37.2722,-1.1574
"POINT (37.34356 -1.4527885)",Machakos,Kithia Dispensary,37.34356,-1.4527885
"POINT (37.2887127 -1.361165)",Machakos,Miumbuni Dispensary,37.2887127,-1.361165
"POINT (37.3549339 -1.2628764)",Machakos,Ndunduni Dispensary,37.3549339,-1.2628764
"POINT (37.4406391 -1.0875825)",Machakos,Kisiiki Dispensary,37.4406391,-1.0875825
"POINT (37.4387894 -1.4604752)",Machakos,Masii Catholic Dispensary,37.4387894,-1.4604752
"POINT (37.5483541 -1.1481875)",Machakos,Matuu Mission Health Centre,37.5483541,-1.1481875
"POINT (37.3453215 -1.3055671)",Machakos,Mbusyani Dispensary-Kangundo,37.3453215,-1.3055671
"POINT (37.4989536 -1.2176665)",Machakos,Kalukuni Dispensary,37.4989536,-1.2176665
"POINT (37.2854183 -1.1751161)",Machakos,Kwa Nguu Dispensary,37.2854183,-1.1751161
"POINT (36.9407301 -1.3921923)",Machakos,Mariakani Cottage Clinic,36.9407301,-1.3921923
"POINT (36.9301521 -1.3619937)",Machakos,Mother Teresa Rodon medical clinic,36.9301521,-1.3619937
"POINT (37.1942 -1.4589)",Machakos,Mua Hills Dispensary,37.1942,-1.4589
"POINT (36.9379845 -1.3592272)",Machakos,AAR Healthcare Services Syokimau Outpatient Centre,36.9379845,-1.3592272
"POINT (37.0198427 -1.1737737)",Machakos,Fena Medical Centre,37.0198427,-1.1737737
"POINT (36.941681 -1.394419)",Machakos,Mlolongo Health Centre,36.941681,-1.394419
"POINT (36.965831 -1.4359871)",Machakos,Shalom Community Hospital (Athi River),36.965831,-1.4359871
"POINT (37.906193 -0.023559)",Machakos,Nifrieva Medical Clinic,37.906193,-0.023559
"POINT (37.26549 -1.5247997)",Machakos,Universal Family Health Services (Machakos),37.26549,-1.5247997
"POINT (36.978502 -1.4576675)",Machakos,Tereza D'Lima Dispensary,36.978502,-1.4576675
"POINT (36.978502 -1.4576675)",Machakos,Kwakalusya Dispensary,36.978502,-1.4576675
"POINT (36.9785033 -1.4577245)",Machakos,Mavoko SNP Health Centre,36.9785033,-1.4577245
"POINT (36.977431 -1.4577365)",Machakos,Athi River Medical Services,36.977431,-1.4577365
"POINT (37.4472056 -1.1839884)",Machakos,Rimaal Prime Community Hospital,37.4472056,-1.1839884
"POINT (36.978502 -1.4576675)",Machakos,Sikia Dispensary,36.978502,-1.4576675
"POINT (36.917158 -1.3624761)",Machakos,Syokimau Medical Services,36.917158,-1.3624761
"POINT (36.9743884 -1.4606844)",Machakos,Busiani Medical Centre,36.9743884,-1.4606844
"POINT (37.5882999 -1.0552)",Machakos,Kaluluini Dispensary,37.5882999,-1.0552
"POINT (36.3145895 -0.4789358)",Machakos,National Youth Service Dispensary (Yatta),36.3145895,-0.4789358
"POINT (36.7930459 -1.2893794)",Machakos,Oloibon Medical Centre,36.7930459,-1.2893794
"POINT (37.906193 -0.023559)",Machakos,Unit Healthcare,37.906193,-0.023559
"POINT (36.9407301 -1.3921923)",Machakos,Caremax Health Ltd,36.9407301,-1.3921923
"POINT (36.9379845 -1.3592272)",Machakos,Gertrudes Children Hospital Syokimau,36.9379845,-1.3592272
"POINT (37.4461468 -1.0456366)",Machakos,Nthungululu Dispensary,37.4461468,-1.0456366
"POINT (37.4833333 -1.05)",Machakos,Mbembani Dispensary,37.4833333,-1.05
"POINT (36.9953299 -1.3327752)",Machakos,Katani Hospital,36.9953299,-1.3327752
"POINT (37.5607723 -1.0985921)",Machakos,Kwa Mwatu Dispensary,37.5607723,-1.0985921
"POINT (36.9403854 -1.3943476)",Machakos,Nadimer Care and Medics,36.9403854,-1.3943476
"POINT (37.2649982 -1.526946)",Machakos,Bishop Kioko Catholic Hospital,37.2649982,-1.526946
"POINT (37.2739696 -1.5468934)",Machakos,Iluvya Dispenasary,37.2739696,-1.5468934
"POINT (37.2634146 -1.5176837)",Machakos,Mikuyu Dispensary,37.2634146,-1.5176837
"POINT (36.9490087 -1.4094161)",Machakos,Sanel Hospital Limited,36.9490087,-1.4094161
"POINT (36.7563617 -1.2797618)",Nairobi,Gatina Dispensary(Dagoretti),36.7563617,-1.2797618
"POINT (37.0239303 -1.2491508)",Nairobi,Ngundu Health Center,37.0239303,-1.2491508
"POINT (36.7162285 -1.2805456)",Nairobi,Waithaka Health Centre,36.7162285,-1.2805456
"POINT (36.9124499 -1.2849128)",Nairobi,Kayole Soweto Dispensary,36.9124499,-1.2849128
"POINT (36.9035804 -1.2978743)",Nairobi,Kware Dispensary,36.9035804,-1.2978743
"POINT (36.7397964 -1.2938321)",Nairobi,Riruta Hospital,36.7397964,-1.2938321
"POINT (36.8774635 -1.2593205)",Nairobi,Kiamaiko Dispensary,36.8774635,-1.2593205
"POINT (36.7976586 -1.2978588)",Nairobi,Coptic Hospital,36.7976586,-1.2978588
"POINT (36.8994711 -1.3109513)",Nairobi,Tassia Health Centre,36.8994711,-1.3109513
"POINT (36.8765859 -1.2469147)",Nairobi,Babadogo Health Centre,36.8765859,-1.2469147
"POINT (36.881039 -1.254463)",Nairobi,Kariobangi Health Centre,36.881039,-1.254463
"POINT (36.6973909 -1.2881086)",Nairobi,Mutuini Sub-District Hospital,36.6973909,-1.2881086
"POINT (36.6903404 -1.2826547)",Nairobi,Chandaria Health Centre,36.6903404,-1.2826547
"POINT (36.8729052 -1.2969525)",Nairobi,Makadara Health Centre,36.8729052,-1.2969525
"POINT (36.8328694 -1.3065517)",Nairobi,Maria Immaculate Health Centre (lavington),36.8328694,-1.3065517
"POINT (36.9345536 -1.2281555)",Nairobi,Mwiki Health Centre,36.9345536,-1.2281555
"POINT (36.7414444 -1.302741)",Nairobi,St Joseph's Dispensary (Dagoretti),36.7414444,-1.302741
"POINT (36.7823001 -1.308674)",Nairobi,Kibera D.O. Dispensary,36.7823001,-1.308674
"POINT (37.906193 -0.023559)",Nairobi,Reuben Health Centre (GOK),37.906193,-0.023559
"POINT (36.8877275 -1.325261)",Nairobi,Mukuru Health Centre,36.8877275,-1.325261
"POINT (36.986028 -1.2558961)",Nairobi,Ruai Health Centre,36.986028,-1.2558961
"POINT (36.9355868 -1.2375517)",Nairobi,Njiru Health Centre,36.9355868,-1.2375517
"POINT (37.906193 -0.023559)",Nairobi,Zimmerman Pickens Dispensary,37.906193,-0.023559
"POINT (36.8223358 -1.2854576)",Nairobi,Nairobi Remand Prison Health Centre,36.8223358,-1.2854576
"POINT (36.915837 -1.2774035)",Nairobi,Kayole II Sub-District Hospital,36.915837,-1.2774035
"POINT (36.8669607 -1.2609683)",Nairobi,Huruma Lions Dispensary,36.8669607,-1.2609683
"POINT (36.9751934 -1.2751068)",Nairobi,Komarock Modern Hospital Utawala,36.9751934,-1.2751068
"POINT (36.8879083 -1.2821248)",Nairobi,Umoja Health Centre,36.8879083,-1.2821248
"POINT (36.8842637 -1.2638072)",Nairobi,Kariobangi South Clinic,36.8842637,-1.2638072
"POINT (35.6860723 -0.0075753)",Nairobi,Maji Mazuri Dispensary (Clay City),35.6860723,-0.0075753
"POINT (36.842999 -1.2563399)",Nairobi,Karura Health Centre,36.842999,-1.2563399
"POINT (36.902423 -1.2209712)",Nairobi,Kasarani Health Centre,36.902423,-1.2209712
"POINT (36.7502267 -1.2823105)",Nairobi,Mercy Mission Health Centre,36.7502267,-1.2823105
"POINT (36.9025814 -1.2482996)",Nairobi,Dandora II Health Centre,36.9025814,-1.2482996
"POINT (36.8976372 -1.2253995)",Nairobi,Cascade of Hope Health Care,36.8976372,-1.2253995
"POINT (36.8985118 -1.3051214)",Nairobi,Baby Blessing Medical Services,36.8985118,-1.3051214
"POINT (36.9025814 -1.2482996)",Nairobi,Dandora I Health Centre,36.9025814,-1.2482996
"POINT (37.906193 -0.023559)",Nairobi,Shree Cutchhi Leva Samaj Medical Clinic,37.906193,-0.023559
"POINT (36.7879475 -1.3114845)",Nairobi,Kibera Chemi Chemi Ya Uzima Clinic,36.7879475,-1.3114845
"POINT (36.744382 -1.2898909)",Nairobi,Fremo Medical Centre,36.744382,-1.2898909
"POINT (36.920558 -1.229663)",Nairobi,Nimoli Medical Centre,36.920558,-1.229663
"POINT (36.7388981 -1.2835568)",Nairobi,Nyina Wa Mumbi Dispensary,36.7388981,-1.2835568
"POINT (36.8628749 -1.2890282)",Nairobi,Bahati Health Centre,36.8628749,-1.2890282
"POINT (36.8458948 -1.2816688)",Nairobi,Pumwani Majengo Dispensary,36.8458948,-1.2816688
"POINT (36.7181885 -1.2687592)",Nairobi,Uthiru Muthua Health Center,36.7181885,-1.2687592
"POINT (37.906193 -0.023559)",Nairobi,Njenga Health Centre,37.906193,-0.023559
"POINT (36.8926061 -1.3280597)",Nairobi,Embakasi Health Centre,36.8926061,-1.3280597
"POINT (36.8337414 -1.2847449)",Nairobi,IOM Wellness Clinic,36.8337414,-1.2847449
"POINT (36.8454773 -1.2806642)",Nairobi,Pumwani Maternity Hospital,36.8454773,-1.2806642
"POINT (36.917863 -1.272779)",Nairobi,Kayole I Health Centre,36.917863,-1.272779
"POINT (37.906193 -0.023559)",Nairobi,St Raphael's Clinic,37.906193,-0.023559
"POINT (36.8882675 -1.3133853)",Nairobi,Blessed Medicare Centre,36.8882675,-1.3133853
"POINT (36.781836 -1.298969)",Nairobi,Nairobi Womens Hospital Adams,36.781836,-1.298969
"POINT (36.8717698 -1.2914924)",Nairobi,Jericho Health Centre,36.8717698,-1.2914924
"POINT (36.8747931 -1.2492264)",Nairobi,Huruma Hospital - Mathare North Annex,36.8747931,-1.2492264
"POINT (36.7452182 -1.2860733)",Nairobi,Penda Medical Centre(kawangware),36.7452182,-1.2860733
"POINT (36.8999616 -1.3237858)",Nairobi,Garrison Health Centre,36.8999616,-1.3237858
"POINT (36.8927402 -1.2878534)",Nairobi,Equity Afia Umoja,36.8927402,-1.2878534
"POINT (36.986028 -1.2558961)",Nairobi,Ruai Family Specialist Hospital,36.986028,-1.2558961
"POINT (36.8454736 -1.2806505)",Nairobi,Mbotela Clinic,36.8454736,-1.2806505
"POINT (36.8869064 -1.2184586)",Nairobi,Kenyatta University Dispensary,36.8869064,-1.2184586
"POINT (36.8659998 -1.2905471)",Nairobi,Maringo Clinic,36.8659998,-1.2905471
"POINT (36.9099203 -1.1989923)",Nairobi,Githurai 44 Health Centre,36.9099203,-1.1989923
"POINT (37.906193 -0.023559)",Nairobi,Mary Mission,37.906193,-0.023559
"POINT (36.7496 -1.2612)",Nairobi,Upendo Dispensary,36.7496,-1.2612
"POINT (36.7879776 -1.3114234)",Nairobi,SHOFCO Medical Clinic (Kibera),36.7879776,-1.3114234
"POINT (36.8032509 -1.3076849)",Nairobi,Mbagathi District Hospital,36.8032509,-1.3076849
"POINT (36.7058582 -1.3208504)",Nairobi,Karen Health Centre,36.7058582,-1.3208504
"POINT (36.8808189 -1.3092699)",Nairobi,Lunga Lunga Health Centre,36.8808189,-1.3092699
"POINT (36.799723 -1.260891)",Nairobi,Westlands Health Centre,36.799723,-1.260891
"POINT (36.8267823 -1.3130379)",Nairobi,Jinnah Ave Clinic,36.8267823,-1.3130379
"POINT (36.9745167 -1.2888935)",Nairobi,Utawala Estate Health Centre,36.9745167,-1.2888935
"POINT (37.906193 -0.023559)",Nairobi,CID Headquaters Clinic,37.906193,-0.023559
"POINT (36.862699 -1.2052859)",Nairobi,Marurui Dispensary,36.862699,-1.2052859
"POINT (36.8709715 -1.2869846)",Nairobi,Hono Clinic,36.8709715,-1.2869846
"POINT (36.9129229 -1.2435701)",Nairobi,Ushirika Dispensary (Dandora),36.9129229,-1.2435701
"POINT (36.7898051 -1.2839325)",Nairobi,Kilimani Childrens Clinic,36.7898051,-1.2839325
"POINT (36.8989906 -1.274009)",Nairobi,Mama Lucy Kibaki Hospital - Embakasi,36.8989906,-1.274009
"POINT (36.7956466 -1.3112197)",Nairobi,Kibera Community Health Centre (Amref),36.7956466,-1.3112197
"POINT (36.926463 -1.1999097)",Nairobi,St Francis Catholic Dispensary (Gatina),36.926463,-1.1999097
"POINT (37.906193 -0.023559)",Nairobi,Reinha Rosary Clinic,37.906193,-0.023559
"POINT (36.8469421 -1.3117872)",Nairobi,Lengo Medical Clinic,36.8469421,-1.3117872
"POINT (36.8365969 -1.2788586)",Nairobi,Kariokor Clinic,36.8365969,-1.2788586
"POINT (36.7730279 -1.3084971)",Nairobi,Kianda 42 Hospital,36.7730279,-1.3084971
"POINT (36.91123 -1.3006034)",Nairobi,Vebeneza Medical Clinic,36.91123,-1.3006034
"POINT (36.8510721 -1.2718483)",Nairobi,Eastleigh Health Centre,36.8510721,-1.2718483
"POINT (36.85386 -1.371275)",Nairobi,Langata Subcounty Hospital(Mugumoini),36.85386,-1.371275
"POINT (37.906193 -0.023559)",Nairobi,Spacecare Health Services,37.906193,-0.023559
"POINT (36.831537 -1.2731707)",Nairobi,Ngara Health Centre (City Council of Nairobi),36.831537,-1.2731707
"POINT (36.7801709 -1.316234)",Nairobi,Tabitha Medical Clinic,36.7801709,-1.316234
"POINT (36.7492113 -1.2671385)",Nairobi,Kangemi Health Centre,36.7492113,-1.2671385
"POINT (36.85553 -1.2660699)",Nairobi,Shining Hope for Communities Mathare Medical Clinic,36.85553,-1.2660699
"POINT (36.8662417 -1.2442653)",Nairobi,Gsu Hq Dispensary (Ruaraka),36.8662417,-1.2442653
"POINT (36.8425202 -1.2938572)",Nairobi,Kaloleni Dispensary,36.8425202,-1.2938572
"POINT (36.8929823 -1.3174881)",Nairobi,Pipeline (PCEA) Medical Clinic,36.8929823,-1.3174881
"POINT (36.9127967 -1.2430929)",Nairobi,Samaritan Medical Services (Dandora),36.9127967,-1.2430929
"POINT (36.8595251 -1.2660341)",Nairobi,Moi Air Base Hospital,36.8595251,-1.2660341
"POINT (36.79617883 -1.317446201)",Nairobi,Silanga (MSF Belgium) Dispensary,36.79617883,-1.317446201
"POINT (37.906193 -0.023559)",Nairobi,Uhuru Camp Dispensary (O P Admin Police),37.906193,-0.023559
"POINT (36.810345 -1.316366)",Nairobi,Nairobi West Men's Prison Dispensary,36.810345,-1.316366
"POINT (36.8815479 -1.2922481)",Nairobi,The Mater Hospital Buruburu,36.8815479,-1.2922481
"POINT (36.7879776 -1.3114234)",Nairobi,Woodley Clinic,36.7879776,-1.3114234
"POINT (36.8479018 -1.2898823)",Nairobi,Shauri Moyo Clinic,36.8479018,-1.2898823
"POINT (36.8398293 -1.272545)",Nairobi,Pangani Dispensary,36.8398293,-1.272545
"POINT (36.8566217 -1.2538263)",Nairobi,St.Scholastica Uzima Hospital,36.8566217,-1.2538263
"POINT (36.7516044 -1.2879066)",Nairobi,Ray of Hope Health Centre,36.7516044,-1.2879066
,Nairobi,Smilestar Medical Services & Dental Care,,
"POINT (36.8840185 -1.24375)",Nairobi,Babadogo (EDARP),36.8840185,-1.24375
"POINT (36.7498955 -1.2865675)",Nairobi,Wema Nursing Home,36.7498955,-1.2865675
"POINT (36.8038026 -1.273882)",Nairobi,University of Nairobi Dispensary,36.8038026,-1.273882
"POINT (36.8808697 -1.2439028)",Nairobi,Centres For Community Health Care Access,36.8808697,-1.2439028
"POINT (36.8936292 -1.2464436)",Nairobi,Ngomongo Dispensary,36.8936292,-1.2464436
"POINT (36.7812692 -1.3106256)",Nairobi,Alkhair Medical Centre(Kibra),36.7812692,-1.3106256
"POINT (37.906193 -0.023559)",Nairobi,Bizet Medical Clinic,37.906193,-0.023559
"POINT (37.906193 -0.023559)",Nairobi,Care Hospital,37.906193,-0.023559
"POINT (36.8957055 -1.2145367)",Nairobi,Family Access Medical Centre,36.8957055,-1.2145367
"POINT (36.7529 -1.283932)",Nairobi,Malaika Healthcare LTD,36.7529,-1.283932
"POINT (36.6973714 -1.2881409)",Nairobi,Good Shepherd Dispensary,36.6973714,-1.2881409
"POINT (36.7271616 -1.2907373)",Nairobi,Kivuli Dispensary,36.7271616,-1.2907373
"POINT (36.7920489 -1.3156087)",Nairobi,Lindi Community Clinic,36.7920489,-1.3156087
"POINT (36.895515 -1.2645912)",Nairobi,Mowlem Health Centre,36.895515,-1.2645912
"POINT (36.8461909 -1.2706366)",Nairobi,St Joseph Nursing Home (Eastleigh North),36.8461909,-1.2706366
"POINT (36.9568057 -1.2852148)",Nairobi,GSU Training School,36.9568057,-1.2852148
"POINT (36.770232 -1.2799752)",Nairobi,Equity Afia lavington,36.770232,-1.2799752
"POINT (36.8661231 -1.2561557)",Nairobi,Mathare North Health Centre,36.8661231,-1.2561557
"POINT (36.8751656 -1.2877303)",Nairobi,Metropolitan Hospital Nairobi,36.8751656,-1.2877303
"POINT (37.906193 -0.023559)",Nairobi,Reuben Health Centre,37.906193,-0.023559
"POINT (36.8485 -1.2823)",Nairobi,Biafra Lions Clinic,36.8485,-1.2823
"POINT (36.7611906 -1.2438938)",Nairobi,Lower Kabete Dispensary,36.7611906,-1.2438938
"POINT (36.914544 -1.270479)",Nairobi,Diwopa Health Centre,36.914544,-1.270479
"POINT (36.7523652 -1.2822722)",Nairobi,Medicross Ltd (Kawangware),36.7523652,-1.2822722
"POINT (36.8978083 -1.2395591)",Nairobi,Penda Medical Centre - Lucky Summer,36.8978083,-1.2395591
"POINT (36.7476257 -1.3640944)",Nairobi,7KR Mrs Health Centre,36.7476257,-1.3640944
"POINT (34.1253751 0.3844308)",Nairobi,Mundika Nursing Home,34.1253751,0.3844308
"POINT (36.7906854 -1.2994605)",Nairobi,Ngong Road Dispensary,36.7906854,-1.2994605
"POINT (36.8071715 -1.2825503)",Nairobi,State House Dispensary,36.8071715,-1.2825503
"POINT (36.957592 -1.2897282)",Nairobi,Aptc Health Centre,36.957592,-1.2897282
"POINT (37.906193 -0.023559)",Nairobi,Makina Community Clinic,37.906193,-0.023559
"POINT (36.9750419 -1.277699)",Nairobi,St Barkita Dispensary Utawala,36.9750419,-1.277699
"POINT (37.906193 -0.023559)",Nairobi,Gertrudes Childrens Hospital,37.906193,-0.023559
"POINT (36.788981 -1.314937)",Nairobi,Kibera South Health Centre,36.788981,-1.314937
"POINT (36.7519 -1.2804)",Nairobi,Kabiro Medical Clinic,36.7519,-1.2804
"POINT (36.893248 -1.3204009)",Nairobi,Baldo Ippolita (Catholic) Health Centre,36.893248,-1.3204009
"POINT (36.8931108 -1.3178302)",Nairobi,Mission Care Nursing Home,36.8931108,-1.3178302
"POINT (36.8842093 -1.3212942)",Nairobi,Mother Ippolata Mukuru Clinic,36.8842093,-1.3212942
"POINT (37.906193 -0.023559)",Nairobi,AAR Gwh Health Care Ltd,37.906193,-0.023559
"POINT (36.8179196 -1.2647728)",Nairobi,Avenue Hospital,36.8179196,-1.2647728
"POINT (36.821064 -1.2177934)",Nairobi,Githogoro Runda Baptist Clinic (Getrudes Nairobi),36.821064,-1.2177934
"POINT (36.7980285 -1.3294201)",Nairobi,Shree Swaminarayan Hospital(Langata),36.7980285,-1.3294201
"POINT (36.8161136 -1.2831679)",Nairobi,Al-Gadhir Clinic,36.8161136,-1.2831679
"POINT (36.895604 -1.2645893)",Nairobi,Dandora (EDARP) Clinic,36.895604,-1.2645893
"POINT (36.8485962 -1.2607471)",Nairobi,Mathare Police Depot,36.8485962,-1.2607471
"POINT (37.906193 -0.023559)",Nairobi,Gertrudes Childrens Hospital Clinic (Junction Mall),37.906193,-0.023559
"POINT (36.7821855 -1.3112736)",Nairobi,Karanja Road Community Clinic,36.7821855,-1.3112736
"POINT (36.8240491 -1.2611676)",Nairobi,Aga Khan Hospital,36.8240491,-1.2611676
"POINT (36.7869311 -1.2892786)",Nairobi,Gynapaed Dispensary (Kilimani),36.7869311,-1.2892786
"POINT (37.906193 -0.023559)",Nairobi,Proact Health services,37.906193,-0.023559
"POINT (36.805132 -1.295447)",Nairobi,Dr.Joy P.Mpaata,36.805132,-1.295447
"POINT (36.7736625 -1.2894271)",Nairobi,AAR Lavington OPC,36.7736625,-1.2894271
"POINT (36.920558 -1.229663)",Nairobi,Nimoli Medical Services,36.920558,-1.229663
"POINT (36.8949546 -1.2090331)",Nairobi,Penda Medical Centre (Zimmerman),36.8949546,-1.2090331
"POINT (36.9166669 -1.183333)",Nairobi,Kahawa Garrison Health Centre,36.9166669,-1.183333
"POINT (36.8272166 -1.2937318)",Nairobi,Loco Dispensary,36.8272166,-1.2937318
"POINT (36.888896 -1.219788)",Nairobi,The Mater Hospital-Satelite Clinic(TRM),36.888896,-1.219788
"POINT (36.9069054 -1.1858857)",Nairobi,Penda Medical Care (Kahawa West),36.9069054,-1.1858857
"POINT (37.906193 -0.023559)",Nairobi,Undugu Highrise Dispensary,37.906193,-0.023559
"POINT (36.9011585 -1.2181754)",Nairobi,Radiant Group Of Hospitals Kasarani Sportsview,36.9011585,-1.2181754
"POINT (36.8798649 -1.2577075)",Nairobi,Kariobangi (Catholic) Dispensary,36.8798649,-1.2577075
"POINT (36.8328687 -1.3145443)",Nairobi,South B Police Band Dispensary,36.8328687,-1.3145443
"POINT (36.8884591 -1.3017643)",Nairobi,Donholm (EDARP) Clinic,36.8884591,-1.3017643
"POINT (36.7455849 -1.2721675)",Nairobi,Gichagi Dispensary,36.7455849,-1.2721675
"POINT (36.8434437 -1.3166473)",Nairobi,Railway Training Institute Dispensary South B,36.8434437,-1.3166473
"POINT (36.8632152 -1.2629467)",Nairobi,Uzima White Medical Clinic,36.8632152,-1.2629467
"POINT (36.8877613 -1.2950811)",Nairobi,Getrude Donholm Clinic,36.8877613,-1.2950811
"POINT (37.906193 -0.023559)",Nairobi,St John Hospital,37.906193,-0.023559
"POINT (36.9048735 -1.2000498)",Nairobi,Trans Marigold Hospital,36.9048735,-1.2000498
"POINT (36.8762162 -1.2935752)",Nairobi,Equity Afia Clinic (Buruburu),36.8762162,-1.2935752
"POINT (36.9986826 -1.2738916)",Nairobi,Megalife Hospital Limited,36.9986826,-1.2738916
"POINT (36.9440882 -1.2803187)",Nairobi,Mihang'o Community Dispensary,36.9440882,-1.2803187
"POINT (36.8337743 -1.287693)",Nairobi,Muthurwa Clinic,36.8337743,-1.287693
"POINT (37.906193 -0.023559)",Nairobi,CFK Tabitha Maternity Home,37.906193,-0.023559
"POINT (36.78929 -1.3277566)",Nairobi,Langata Hospital,36.78929,-1.3277566
"POINT (36.8284886 -1.3138048)",Nairobi,Nairobi South Hospital,36.8284886,-1.3138048
"POINT (36.9225023 -1.2305156)",Nairobi,Sunton CFW Medical Clinic,36.9225023,-1.2305156
"POINT (37.906193 -0.023559)",Nairobi,AAR City Centre Clinic,37.906193,-0.023559
"POINT (36.7869311 -1.2892786)",Nairobi,DOD MRS Dispensary,36.7869311,-1.2892786
"POINT (36.8076643 -1.3020942)",Nairobi,Kenyatta National Hospital,36.8076643,-1.3020942
"POINT (36.8640861 -1.2915477)",Nairobi,ofafa I Clinic,36.8640861,-1.2915477
"POINT (37.906193 -0.023559)",Nairobi,St Mary's Health Services,37.906193,-0.023559
"POINT (36.8721139 -1.2564898)",Nairobi,Huruma Nursing Home and Maternity,36.8721139,-1.2564898
"POINT (36.8018793 -1.2616927)",Nairobi,AAR Clinic Sarit Centre (Westlands),36.8018793,-1.2616927
"POINT (36.6903289 -1.316866)",Nairobi,Dsc Karen Dispensary (Armed Forces),36.6903289,-1.316866
"POINT (36.9081202 -1.357162)",Nairobi,Equity Afia-Syokimau Medical Cen,36.9081202,-1.357162
"POINT (36.8317244 -1.273818)",Nairobi,Parkroad Nursing Home,36.8317244,-1.273818
"POINT (36.7542354 -1.2743471)",Nairobi,Equity Afia Kawangware,36.7542354,-1.2743471
,Nairobi,Janice Cholerton Medical & Cancer Centre (Golfcourse),,
"POINT (36.9158226 -1.2256602)",Nairobi,St Francis Community Hospital,36.9158226,-1.2256602
"POINT (36.8404648 -1.2690277)",Nairobi,Radiant Pangani Hospital,36.8404648,-1.2690277
"POINT (36.7879776 -1.3114234)",Nairobi,Clinitec Medical Services (Woodley/Kenyatta),36.7879776,-1.3114234
"POINT (36.9100099 -1.1766155)",Nairobi,Kamae CFW Clinic-Kahawa West,36.9100099,-1.1766155
"POINT (36.874036 -1.2099132)",Nairobi,Mimosa Cottage Hospital,36.874036,-1.2099132
"POINT (36.8988508 -1.2394316)",Nairobi,Star General Medical Centre,36.8988508,-1.2394316
"POINT (36.8897197 -1.2195199)",Nairobi,Aga Khan Roysambu Medical and Dialysis Centre,36.8897197,-1.2195199
"POINT (37.906193 -0.023559)",Nairobi,Conerstone Clinic,37.906193,-0.023559
"POINT (36.902541 -1.2646447)",Nairobi,Mikulinzi Nursing Home,36.902541,-1.2646447
"POINT (36.9030276 -1.1836556)",Nairobi,Ogwedhi Dispensary (Nairobi North),36.9030276,-1.1836556
"POINT (36.8288543 -1.3165307)",Nairobi,South C Hospital Limited(South C),36.8288543,-1.3165307
"POINT (36.8229056 -1.2898124)",Nairobi,Central Bank Staff Clinic,36.8229056,-1.2898124
"POINT (36.915433 -1.1776622)",Nairobi,Kenyatta University Teaching Refferal and Research Hospital,36.915433,-1.1776622
"POINT (36.8889348 -1.2805891)",Nairobi,Umoja Hospital,36.8889348,-1.2805891
"POINT (36.8774526 -1.2791978)",Nairobi,Aga Khan University Hospital (Buruburu),36.8774526,-1.2791978
"POINT (36.8999616 -1.3237858)",Nairobi,Gatwekera B Dispensary,36.8999616,-1.3237858
"POINT (36.745117 -1.2952737)",Nairobi,Glory Health Clinic,36.745117,-1.2952737
"POINT (36.9205722 -1.229859)",Nairobi,Penda Medical Centre (Sunton),36.9205722,-1.229859
"POINT (37.906193 -0.023559)",Nairobi,State House Clinic,37.906193,-0.023559
"POINT (36.9242631 -1.2633137)",Nairobi,Susamed Medical Clinic,36.9242631,-1.2633137
"POINT (36.8444371 -1.2376763)",Nairobi,AAR Hospital - Muthaiga,36.8444371,-1.2376763
"POINT (36.9093896 -1.2477798)",Nairobi,St Alice (EDARP) Dandora Clinic,36.9093896,-1.2477798
"POINT (37.906193 -0.023559)",Nairobi,Jerusalem Clinic,37.906193,-0.023559
"POINT (36.9726259 -1.2746531)",Nairobi,Komarock Modern Medical Care,36.9726259,-1.2746531
"POINT (36.8238991 -1.2819119)",Nairobi,Lagos Road Dispensary,36.8238991,-1.2819119
"POINT (37.906193 -0.023559)",Nairobi,Pstc Health Centre,37.906193,-0.023559
"POINT (36.8827663 -1.2340104)",Nairobi,Ruaraka Dispensary,36.8827663,-1.2340104
"POINT (37.906193 -0.023559)",Nairobi,Eagle Health Care,37.906193,-0.023559
"POINT (36.8223358 -1.2854576)",Nairobi,Ngaira Rhodes Dispensary,36.8223358,-1.2854576
"POINT (36.8347073 -1.3073449)",Nairobi,The Mater Misericordiae Hospital (Mukuru),36.8347073,-1.3073449
"POINT (36.9109061 -1.2739811)",Nairobi,Equity Afia Kayole,36.9109061,-1.2739811
"POINT (36.9069054 -1.1858857)",Nairobi,Kahawa West Health Centre,36.9069054,-1.1858857
"POINT (36.7794257 -1.3208096)",Nairobi,Soweto West Community Clinic,36.7794257,-1.3208096
"POINT (36.8936774 -1.3066424)",Nairobi,Joyland F Clinic Tassia,36.8936774,-1.3066424
"POINT (37.906193 -0.023559)",Nairobi,Well Living Medical Centre,37.906193,-0.023559
"POINT (36.8891313 -1.3011486)",Nairobi,AAR Donholm,36.8891313,-1.3011486
"POINT (36.8219462 -1.2920659)",Nairobi,Exselle Health Care,36.8219462,-1.2920659
"POINT (36.846154 -1.2797362)",Nairobi,Health Gate Hospital,36.846154,-1.2797362
"POINT (36.860849 -1.290725)",Nairobi,Makadara Mercy Sisters Dispensary,36.860849,-1.290725
"POINT (36.9061551 -1.2204355)",Nairobi,Morry Medical Clinic,36.9061551,-1.2204355
"POINT (36.8376746 -1.3122026)",Nairobi,South B Hospital LTD,36.8376746,-1.3122026
"POINT (36.8600088 -1.2731795)",Nairobi,Woodstreet Nursing Home,36.8600088,-1.2731795
"POINT (36.8063175 -1.2891564)",Nairobi,Better Living Hospital,36.8063175,-1.2891564
"POINT (36.8219462 -1.2920659)",Nairobi,Euraka Medical Centre,36.8219462,-1.2920659
"POINT (36.8120972 -1.2634829)",Nairobi,MP Shah Hospital (Westlands),36.8120972,-1.2634829
"POINT (36.8936292 -1.3065809)",Nairobi,Penda health limited tassia,36.8936292,-1.3065809
"POINT (36.9157976 -1.2773942)",Nairobi,Penda Medical Center(Kayole),36.9157976,-1.2773942
"POINT (36.9163033 -1.2558217)",Nairobi,Saika Nursing Home,36.9163033,-1.2558217
"POINT (36.7745246 -1.3226104)",Nairobi,St Mary's Mission Hospital,36.7745246,-1.3226104
"POINT (36.873781 -1.232811)",Nairobi,AAR mountain mall,36.873781,-1.232811
"POINT (36.8640441 -1.2527437)",Nairobi,Baraka Dispensary (Nairobi),36.8640441,-1.2527437
"POINT (36.7953697 -1.2948885)",Nairobi,Barika Medical Centre,36.7953697,-1.2948885
"POINT (36.7393035 -1.2938625)",Nairobi,Bodaki Medical Clinic,36.7393035,-1.2938625
"POINT (37.906193 -0.023559)",Nairobi,Bridging Out-Patient,37.906193,-0.023559
"POINT (36.8129858 -1.2539769)",Nairobi,Consolata Shrine Dispensary (Deep Sea Nairobi),36.8129858,-1.2539769
"POINT (36.7960752 -1.293722)",Nairobi,Nairobi Womens Hospital (Hurlingham),36.7960752,-1.293722
"POINT (36.8999616 -1.3237858)",Nairobi,Connections Medical Clinic,36.8999616,-1.3237858
"POINT (36.8520603 -1.2865377)",Nairobi,Mediheal Hospital (Eastleigh),36.8520603,-1.2865377
"POINT (36.8033705 -1.2958727)",Nairobi,Nairobi Hospital,36.8033705,-1.2958727
"POINT (36.9197809 -1.2321282)",Nairobi,Uzima Uhai Health centre,36.9197809,-1.2321282
"POINT (36.8640441 -1.2527437)",Nairobi,National Youth Service Hq Dispensary (Ruaraka),36.8640441,-1.2527437
"POINT (37.6400938 0.6318753)",Nairobi,Penda Medical Centre Umoja,37.6400938,0.6318753
"POINT (36.9069054 -1.1858857)",Nairobi,St Michael Community Nursing Home,36.9069054,-1.1858857
"POINT (37.906193 -0.023559)",Nairobi,The Aga Khan University Hospital Muthithi Clinic,37.906193,-0.023559
"POINT (36.9061551 -1.2204355)",Nairobi,Josma Medical Clinic (Kasarani),36.9061551,-1.2204355
"POINT (36.7488172 -1.2664702)",Nairobi,Penda Medical Center Kangemi,36.7488172,-1.2664702
"POINT (37.906193 -0.023559)",Nairobi,Aga Khan Medical Centre (Greenspan),37.906193,-0.023559
"POINT (37.906193 -0.023559)",Nairobi,City Health Limited,37.906193,-0.023559
"POINT (36.8481278 -1.2733723)",Nairobi,Marie Stopes Nursing Home (Eastleigh),36.8481278,-1.2733723
"POINT (36.8465546 -1.2608177)",Nairobi,Mathari Hospital,36.8465546,-1.2608177
,Nairobi,Milestones Neonatal &Paediatric Consultants Limited,,
"POINT (36.739732 -1.293852)",Nairobi,Orthodox Dispensary,36.739732,-1.293852
"POINT (36.7954147 -1.2548381)",Nairobi,St Annisia Medical Center,36.7954147,-1.2548381
"POINT (36.848767 -1.266822)",Nairobi,St Vincent Catholic Clinic,36.848767,-1.266822
"POINT (37.02346 -0.681902)",Nairobi,AAR Thika Road Clinic,37.02346,-0.681902
"POINT (37.906193 -0.023559)",Nairobi,Coptic Medical Clinic,37.906193,-0.023559
"POINT (37.906193 -0.023559)",Nairobi,Dreams Center Dispensary,37.906193,-0.023559
"POINT (36.7779108 -1.0586336)",Nairobi,Githunguri Medical Clinic,36.7779108,-1.0586336
"POINT (37.906193 -0.023559)",Nairobi,Maximum Medical Clinic,37.906193,-0.023559
"POINT (36.823255 -1.2620596)",Nairobi,Dr Waris,36.823255,-1.2620596
"POINT (36.88044 -1.240591)",Nairobi,Kariobangi EDARP,36.88044,-1.240591
"POINT (36.8468517 -1.290484)",Nairobi,St Joseph (EDARP) Clinic,36.8468517,-1.290484
"POINT (36.8261373 -1.3157149)",Nairobi,Arawelo Medical Centre Limited (South C),36.8261373,-1.3157149
"POINT (37.906193 -0.023559)",Nairobi,Bristal Park Hospital,37.906193,-0.023559
"POINT (37.906193 -0.023559)",Nairobi,Dr Charles Opondo Medical Clinic,37.906193,-0.023559
"POINT (37.906193 -0.023559)",Nairobi,Hope Med C,37.906193,-0.023559
"POINT (36.812022 -1.2675001)",Nairobi,Lianas Clinic Health Centre (Westlands),36.812022,-1.2675001
"POINT (36.8335711 -1.3079699)",Nairobi,Nairobi South Clinic,36.8335711,-1.3079699
"POINT (36.825881 -1.3066017)",Nairobi,Nairobi West Hospital,36.825881,-1.3066017
"POINT (36.8989484 -1.2386187)",Nairobi,Nelly Medical centre,36.8989484,-1.2386187
"POINT (36.8738797 -1.2475559)",Nairobi,Pascal Kip Health Diagnostics,36.8738797,-1.2475559
"POINT (36.892503 -1.2877943)",Nairobi,Reliable Medical Health Services,36.892503,-1.2877943
"POINT (36.9103185 -1.2660088)",Nairobi,St Jude's Medical Centre,36.9103185,-1.2660088
"POINT (36.8999616 -1.3237858)",Nairobi,Agakhan University Clinic (Embakasi),36.8999616,-1.3237858
"POINT (36.91002 -1.269379)",Nairobi,EDARP Komarock Health Centre,36.91002,-1.269379
"POINT (36.872984 -1.296867)",Nairobi,Family Medical Centre (Ruai),36.872984,-1.296867
"POINT (36.8802043 -1.2525558)",Nairobi,Jahmii Kipawa Medical Centre,36.8802043,-1.2525558
"POINT (36.9084173 -1.3072985)",Nairobi,Little Rock Childrens Clinic,36.9084173,-1.3072985
"POINT (36.9016283 -1.3092181)",Nairobi,Rheema Hospital,36.9016283,-1.3092181
"POINT (37.906193 -0.023559)",Nairobi,AAR Health Care,37.906193,-0.023559
"POINT (36.9013328 -1.2888833)",Nairobi,Avenue Healthcare Greenspan,36.9013328,-1.2888833
"POINT (37.906193 -0.023559)",Nairobi,Brother Andre Medial Centre,37.906193,-0.023559
"POINT (36.8067817 -1.2947905)",Nairobi,Hurlingham Children's Clinic,36.8067817,-1.2947905
"POINT (36.7794103 -1.3003942)",Nairobi,Iran Medical Clinic,36.7794103,-1.3003942
"POINT (36.8976372 -1.2253995)",Nairobi,Kamulu Medical Centre,36.8976372,-1.2253995
"POINT (36.9166642 -1.3126977)",Nairobi,Kenya Airways Pride Clinic,36.9166642,-1.3126977
"POINT (37.906193 -0.023559)",Nairobi,Mission Of Hope International Medical Clinic,37.906193,-0.023559
"POINT (36.8978019 -1.2540566)",Nairobi,Newlight Medical Centre,36.8978019,-1.2540566
"POINT (36.7476257 -1.3640944)",Nairobi,Penda Health Limited Langata,36.7476257,-1.3640944
"POINT (36.9084356 -1.2684816)",Nairobi,Prudent Medical Clinic (Kariobangi),36.9084356,-1.2684816
"POINT (36.8259658 -1.2814544)",Nairobi,Special Treatment Clinic,36.8259658,-1.2814544
"POINT (36.7261256 -1.3362714)",Nairobi,The Karen Hospital,36.7261256,-1.3362714
"POINT (36.8885706 -1.2866398)",Nairobi,Umoja III Medical Centre(Njiru),36.8885706,-1.2866398
"POINT (36.8166191 -1.3123503)",Nairobi,Getrudes Hospital (Nairobi West Clinic),36.8166191,-1.3123503
"POINT (36.8894358 -1.3247539)",Nairobi,Penda Medical Centre (Embakasi),36.8894358,-1.3247539
"POINT (36.9057288 -1.2743571)",Nairobi,Penda Medical Centre Umoja 1,36.9057288,-1.2743571
"POINT (36.8400327 -1.2696953)",Nairobi,Gertrudes Chiildren Clinic (Pangani),36.8400327,-1.2696953
"POINT (36.8707005 -1.3116886)",Nairobi,Medical Link Integrated Health Program,36.8707005,-1.3116886
"POINT (36.9146393 -1.2237853)",Nairobi,Kizazi Clinique,36.9146393,-1.2237853
"POINT (36.85526 -1.2838059)",Nairobi,St Veronica EDARP Clinic,36.85526,-1.2838059
"POINT (36.8147618 -1.3094585)",Nairobi,Strathmore University Medical Centre,36.8147618,-1.3094585
"POINT (36.6903289 -1.316866)",Nairobi,AAR Healthcare Limited (Karen),36.6903289,-1.316866
"POINT (36.82263 -1.2625799)",Nairobi,Dr C K Jandu,36.82263,-1.2625799
"POINT (36.812022 -1.2675001)",Nairobi,Gertrudes Garden Children Hospital-Westlands,36.812022,-1.2675001
"POINT (36.8893084 -1.3300926)",Nairobi,Getrude Embakasi Clinic,36.8893084,-1.3300926
"POINT (36.8951751 -1.1878904)",Nairobi,Jacaranda Maternity Hospital,36.8951751,-1.1878904
"POINT (36.748803 -1.2664725)",Nairobi,Padens Medicare Centre,36.748803,-1.2664725
"POINT (36.803648 -1.2645483)",Nairobi,Westlands Medical Centre,36.803648,-1.2645483
"POINT (36.7846452 -1.3000819)",Nairobi,Equity Afia Ngong Road,36.7846452,-1.3000819
"POINT (37.906193 -0.023559)",Nairobi,Memorial Hospital,37.906193,-0.023559
"POINT (36.9157892 -1.20384)",Nairobi,Equity Afia Githurai,36.9157892,-1.20384
"POINT (36.8936292 -1.3065809)",Nairobi,Equity Afya Tassia,36.8936292,-1.3065809
"POINT (36.911489 -1.278552)",Nairobi,Fairview Medical Clinic,36.911489,-1.278552
"POINT (36.8997048 -1.2134454)",Nairobi,Gertrude's Children Hospital Clinic (Thika Road),36.8997048,-1.2134454
"POINT (36.8063923 -1.2585137)",Nairobi,Jalaram Medical Services,36.8063923,-1.2585137
"POINT (36.8225985 -1.2622658)",Nairobi,Mediheal Hospital Parklands,36.8225985,-1.2622658
"POINT (37.906193 -0.023559)",Nairobi,Milele Medical Clinic,37.906193,-0.023559
"POINT (36.8849834 -1.3046887)",Nairobi,Mukuru Mmm Clinic,36.8849834,-1.3046887
"POINT (36.8920898 -1.3277213)",Nairobi,Sheba Medical Centre LTD,36.8920898,-1.3277213
"POINT (36.7410298 -1.2656731)",Nairobi,The Aga Khan Hospital Mountain View,36.7410298,-1.2656731
"POINT (36.8124014 -1.298297)",Nairobi,The Savannah Hospital Limited,36.8124014,-1.298297
"POINT (36.7819595 -1.300677)",Nairobi,AAR Adams Health Centre,36.7819595,-1.300677
"POINT (36.866012 -1.2531189)",Nairobi,Marura Nursing Home,36.866012,-1.2531189
"POINT (36.7997238 -1.2156761)",Nairobi,The Nairobi Hospital Rosslyn Riviera Out Patient Centre,36.7997238,-1.2156761
"POINT (36.8107274 -1.2351647)",Nairobi,The Nairobi Hospital Warwick Outpatient Centre,36.8107274,-1.2351647
"POINT (36.770044 -1.290893)",Nairobi,Agakhan University Hospital Valley Arcade Clinic,36.770044,-1.290893
"POINT (36.799318 -1.298001)",Nairobi,Dr Florence Murila (Ngong Road),36.799318,-1.298001
"POINT (37.906193 -0.023559)",Nairobi,Emmanuel Community Hospital Limited,37.906193,-0.023559
"POINT (36.7444155 -1.264725)",Nairobi,Equity Afia Kangemi,36.7444155,-1.264725
"POINT (36.8956399 -1.2190348)",Nairobi,Equity Afia Kasarani Medical Centre,36.8956399,-1.2190348
"POINT (36.8857428 -1.2666223)",Nairobi,Jamii Wellness Hospital,36.8857428,-1.2666223
"POINT (37.906193 -0.023559)",Nairobi,Jemindas Nursing Home Limited,37.906193,-0.023559
"POINT (36.8748143 -1.259981)",Nairobi,Jumuia Hospital (Huruma),36.8748143,-1.259981
"POINT (37.906193 -0.023559)",Nairobi,Luton Medical Hospital Limited (Ngong road),37.906193,-0.023559
"POINT (36.88607 -1.250825)",Nairobi,Mama Margaret Uhuru Hospital,36.88607,-1.250825
"POINT (37.906193 -0.023559)",Nairobi,Medipoint Clinic,37.906193,-0.023559
"POINT (36.846857 -1.2706541)",Nairobi,Mother and Child Hospital Ltd,36.846857,-1.2706541
"POINT (36.8477148 -1.2799193)",Nairobi,Nairobi East Hospital Limited,36.8477148,-1.2799193
"POINT (36.883418 -1.234584)",Nairobi,Ngumba Medical Centre,36.883418,-1.234584
"POINT (36.8283225 -1.2601993)",Nairobi,Park Ville Medical Center,36.8283225,-1.2601993
"POINT (36.894157 -1.3204052)",Nairobi,Pipeline Modern Hospital LTD,36.894157,-1.3204052
"POINT (37.906193 -0.023559)",Nairobi,St Mary's Medical Clinic (Sarang'ombe),37.906193,-0.023559
"POINT (36.8965874 -1.2815526)",Nairobi,Victory Hospital,36.8965874,-1.2815526
"POINT (36.7857024 -1.2497814)",Nairobi,White Oak Medical Centre Ltd,36.7857024,-1.2497814
"POINT (37.906193 -0.023559)",Nairobi,Aga Khan Hospital(T-mall),37.906193,-0.023559
"POINT (36.9056286 -1.2676318)",Nairobi,Aga Khan University Hospital Clinic (Akai Plaza),36.9056286,-1.2676318
"POINT (36.9017359 -1.327599)",Nairobi,Avenue Health Care Embakasi,36.9017359,-1.327599
"POINT (37.906193 -0.023559)",Nairobi,Bethel Afya Clinic,37.906193,-0.023559
"POINT (36.8408989 -1.2699645)",Nairobi,Lad Nan Hospital,36.8408989,-1.2699645
"POINT (36.9270856 -1.2504554)",Nairobi,Njiru (EDARP) Clinic,36.9270856,-1.2504554
"POINT (36.9246657 -1.2532023)",Nairobi,Prestige Medicare Clinic (Njiru),36.9246657,-1.2532023
"POINT (37.243703 -0.8198968)",Nairobi,St Patrick Health Care Centre,37.243703,-0.8198968
"POINT (36.8878937 -1.2892517)",Nairobi,Tenamyles Healthcare,36.8878937,-1.2892517
"POINT (36.7898828 -1.2110901)",Nairobi,Jacaranda Maternity Hospital-Ruaka,36.7898828,-1.2110901
"POINT (36.7819194 -1.3003492)",Nairobi,LaFemme HealthCare Clinic,36.7819194,-1.3003492
"POINT (36.9093555 -1.2793101)",Nairobi,Patanisho Maternity and Nursing Home,36.9093555,-1.2793101
"POINT (36.8908259 -1.2415755)",Nairobi,SafiWays Health care,36.8908259,-1.2415755
"POINT (36.8486748 -1.2275959)",Nairobi,The Agha Khan Medical Centre-Rigeways(Kiambu Rd.),36.8486748,-1.2275959
"POINT (36.8815479 -1.2922481)",Nairobi,AAR Healthcare Buruburu,36.8815479,-1.2922481
"POINT (39.6526544 -4.0814421)",Nairobi,Amurt Health Centre,39.6526544,-4.0814421
"POINT (36.7786562 -1.3268598)",Nairobi,Dog Unit Dispensary (O P Kenya Police),36.7786562,-1.3268598
"POINT (36.8969226 -1.182862)",Nairobi,Equity Afia Medical Centre- Kahawa West,36.8969226,-1.182862
"POINT (36.8132306 -1.298356)",Nairobi,Equity Afia Medical Centre-UpperHill,36.8132306,-1.298356
,Nairobi,Family Care Medical Centre & Maternity,,
"POINT (37.906193 -0.023559)",Nairobi,Getrudes Children's Hospital,37.906193,-0.023559
"POINT (36.8324502 -1.2696594)",Nairobi,Guru Nanak Hospital,36.8324502,-1.2696594
"POINT (36.855996 -1.2844405)",Nairobi,Penda Medical Center - Mathare North,36.855996,-1.2844405
"POINT (36.7892073 -1.3022059)",Nairobi,VIPS Health Services Limited,36.7892073,-1.3022059
"POINT (36.8828144 -1.3248743)",Nairobi,Equity Afya Imara,36.8828144,-1.3248743
"POINT (36.8640861 -1.2915477)",Nairobi,Family Life Promotions and Services,36.8640861,-1.2915477
"POINT (36.8666738 -1.2542571)",Nairobi,Mathare 3A (EDARP),36.8666738,-1.2542571
"POINT (36.9133919 -1.2216858)",Nairobi,Mkunga Nursing Home,36.9133919,-1.2216858
"POINT (36.9125517 -1.2709464)",Nairobi,Provide International Clinic (Kayole),36.9125517,-1.2709464
"POINT (36.8922993 -1.3280918)",Nairobi,Scion Healthcare Ltd Clinic,36.8922993,-1.3280918
"POINT (37.906193 -0.023559)",Nairobi,St Monicah Dispensary Mwengenye,37.906193,-0.023559
"POINT (37.906193 -0.023559)",Nairobi,Sunnybrook Healthcare Centre Limited,37.906193,-0.023559
"POINT (36.7147222 -1.3301004)",Nairobi,WaterFront Clinic Limited,36.7147222,-1.3301004
,Nairobi,Aga Khan University Hosp Mother & Child Clinic,,
"POINT (36.8815479 -1.2922481)",Nairobi,Avenue Healthcare Clinic (Buruburu),36.8815479,-1.2922481
"POINT (36.9115841 -1.2878119)",Nairobi,EDARP Soweto Health Centre,36.9115841,-1.2878119
"POINT (36.8033673 -1.2630244)",Nairobi,Equity Afia Limited-Westlands,36.8033673,-1.2630244
"POINT (36.887867 -1.247785)",Nairobi,Redemeed Health Centre,36.887867,-1.247785
"POINT (36.7628718 -1.3953635)",Nairobi,Aga Khan University Hospital (Capital Centre),36.7628718,-1.3953635
"POINT (36.88044 -1.240591)",Nairobi,Equity Afia Kariobangi,36.88044,-1.240591
"POINT (36.8762162 -1.2935752)",Nairobi,Equity Afia Medical Centre(Ruai),36.8762162,-1.2935752
"POINT (36.911115 -1.2668841)",Nairobi,Gertrude Komarock Clinic,36.911115,-1.2668841
"POINT (36.7833346 -1.2243067)",Nairobi,Nairobi Adventist Hospital Limited,36.7833346,-1.2243067
"POINT (37.906193 -0.023559)",Nairobi,Oasis Medical Clinic,37.906193,-0.023559
"POINT (37.906193 -0.023559)",Nairobi,The Mater Hospital,37.906193,-0.023559
"POINT (36.806726 -1.294659)",Nairobi,Dr Gachare Medical Clinic,36.806726,-1.294659
"POINT (36.8120972 -1.2634829)",Nairobi,MP Shah Hospital Medical Centre-Village Market,36.8120972,-1.2634829
"POINT (36.88542 -1.2461716)",Nairobi,Nsis Health Centre (Ruaraka),36.88542,-1.2461716
"POINT (36.7678718 -1.2772754)",Nairobi,Riverdale Medical Centre,36.7678718,-1.2772754
